term,gene
AbSC_Pos,Ly6a
AbSC_Pos,S100a6
AbSC_Pos,Wfdc18
AbSC_Pos,Clu
AbSC_Pos,Ifitm3
AbSC_Pos,Ifitm1
AbSC_Pos,Ly6d
AbSC_Pos,Lcn2
AbSC_Pos,Ly6e
AbSC_Pos,S100a11
AbSC_Pos,Ier3
AbSC_Pos,Tmsb10
AbSC_Pos,Cyba
AbSC_Pos,Marcksl1
AbSC_Pos,Mmp7
AbSC_Pos,Isg15
AbSC_Pos,Igfbp4
AbSC_Pos,Cldn4
AbSC_Pos,Fxyd3
AbSC_Pos,Cd9
AbSC_Pos,Ecscr
AbSC_Pos,Aspscr1
AbSC_Pos,Phlda1
AbSC_Pos,Bst2
AbSC_Pos,Nkd1
AbSC_Pos,H2-Q7
AbSC_Pos,Bex1
AbSC_Pos,Stat1
AbSC_Pos,Mif
AbSC_Pos,Tubb5
AbSC_Pos,Krt7
AbSC_Pos,Pglyrp1
AbSC_Pos,Cebpd
AbSC_Pos,Ifitm2
AbSC_Pos,H2-Eb1
AbSC_Pos,Sox4
AbSC_Pos,Rbm3
AbSC_Pos,2210407C18Rik
AbSC_Pos,S100a14
AbSC_Pos,Cd74
AbSC_Pos,Ctsl
AbSC_Pos,Scd2
AbSC_Pos,Psmb8
AbSC_Pos,Hmgn1
AbSC_Pos,H2-D1
AbSC_Pos,Msx1
AbSC_Pos,Blvrb
AbSC_Pos,Nfkbia
AbSC_Pos,Myl12a
AbSC_Pos,Tceal9
AbSC_Pos,Pla2g12a
AbSC_Pos,Tnfrsf12a
AbSC_Pos,Nap1l1
AbSC_Pos,Krt18
AbSC_Pos,Prmt1
AbSC_Pos,Chmp4b
AbSC_Pos,Tmsb4x
AbSC_Pos,Ets2
AbSC_Pos,Krt23
AbSC_Pos,Ncl
AbSC_Pos,Sprr2a3
AbSC_Pos,H2-Ab1
AbSC_Pos,Ccnd1
AbSC_Pos,Prox1
AbSC_Pos,Rtp4
AbSC_Pos,Iigp1
AbSC_Pos,H2-Q4
AbSC_Pos,Gstm5
AbSC_Pos,Ceacam10
AbSC_Pos,Bok
AbSC_Pos,Dynll1
AbSC_Pos,S100a16
AbSC_Pos,Zbp1
AbSC_Pos,Lgals3
AbSC_Pos,H2-K1
AbSC_Pos,Hsp90ab1
AbSC_Pos,Axin2
AbSC_Pos,Igtp
AbSC_Pos,Tspo
AbSC_Pos,Skp1a
AbSC_Pos,Actg1
AbSC_Pos,Eif3c
AbSC_Pos,Hes6
AbSC_Pos,Emp2
AbSC_Pos,Anxa2
AbSC_Pos,Selenoh
AbSC_Pos,Nhp2
AbSC_Pos,Xaf1
AbSC_Pos,App
AbSC_Pos,Hnrnpa1
AbSC_Pos,Eif2s2
AbSC_Pos,Cxadr
AbSC_Pos,Duoxa2
AbSC_Pos,Metap2
AbSC_Pos,Slc25a4
AbSC_Pos,Stmn1
AbSC_Pos,Aldoa
AbSC_Pos,Pebp1
AbSC_Pos,Irf7
AbSC_Pos,Sdc1
AbSC_Pos,Prdx2
AbSC_Pos,Cfl1
AbSC_Pos,Mt2
AbSC_Pos,Rnf213
AbSC_Pos,Psme1
AbSC_Pos,Pdlim7
AbSC_Pos,Clic1
AbSC_Pos,Cela1
AbSC_Pos,Ctxn1
AbSC_Pos,Npm1
AbSC_Pos,Hnrnpab
AbSC_Pos,Id3
AbSC_Pos,Ifi47
AbSC_Pos,Sypl
AbSC_Pos,Atp6v1g1
AbSC_Pos,Pmepa1
AbSC_Pos,Vars
AbSC_Pos,B2m
AbSC_Pos,Eif4a1
AbSC_Pos,Cd44
AbSC_Pos,Nop56
AbSC_Pos,Lamp2
AbSC_Pos,Smarca4
AbSC_Pos,Oas1a
AbSC_Pos,Hebp2
AbSC_Pos,Anp32a
AbSC_Pos,Taf1d
AbSC_Pos,Hmgn2
AbSC_Pos,H2-DMb1
AbSC_Pos,Psma3
AbSC_Pos,Cstb
AbSC_Pos,Fus
AbSC_Pos,Eif5b
AbSC_Pos,Ube2i
AbSC_Pos,Xrn2
AbSC_Pos,Rpsa
AbSC_Pos,Cirbp
AbSC_Pos,Snhg12
AbSC_Pos,Ktn1
AbSC_Pos,Ccdc34
AbSC_Pos,Rtn4
AbSC_Pos,Cd47
AbSC_Pos,Fermt1
AbSC_Pos,Snhg6
AbSC_Pos,Trmt112
AbSC_Pos,Gapdh
AbSC_Pos,Avpi1
AbSC_Pos,Dsg2
AbSC_Pos,Tgif1
AbSC_Pos,Rps15
AbSC_Pos,Shisa5
AbSC_Pos,Glul
AbSC_Pos,Tes
AbSC_Pos,Bex3
AbSC_Pos,Rpl36
AbSC_Pos,Psmd7
AbSC_Pos,Set
AbSC_Pos,Llph
AbSC_Pos,Atp6v1f
AbSC_Pos,Ddit4
AbSC_Pos,Arpc1b
AbSC_Pos,Ddx24
AbSC_Pos,Gpx2
AbSC_Pos,Actn1
AbSC_Pos,Hnrnpa3
AbSC_Pos,Urah
AbSC_Pos,Ntmt1
AbSC_Pos,Ppp1ca
AbSC_Pos,Ptms
AbSC_Pos,Psma7
AbSC_Pos,Rpl41
AbSC_Pos,Dnajc2
AbSC_Pos,Cdk4
AbSC_Pos,Snrpe
AbSC_Pos,H2afy
AbSC_Pos,Smarcc1
AbSC_Pos,1810022K09Rik
AbSC_Pos,Sox9
AbSC_Pos,Rpl6
AbSC_Pos,Rpl31
AbSC_Pos,Psmd4
AbSC_Pos,Rnh1
AbSC_Pos,Mafg
AbSC_Pos,Csrp1
AbSC_Pos,Knop1
AbSC_Pos,Gnl3
AbSC_Pos,Chd4
AbSC_Pos,Ehf
AbSC_Pos,H2-T22
AbSC_Pos,Nedd4
AbSC_Pos,1110004F10Rik
AbSC_Pos,Bcas2
AbSC_Pos,Mbd3
AbSC_Pos,Cct5
AbSC_Pos,Psmb5
AbSC_Pos,1500011B03Rik
AbSC_Pos,H3f3b
AbSC_Pos,Parp14
AbSC_Pos,Ptma
AbSC_Pos,Irf1
AbSC_Pos,Epb41l4aos
AbSC_Pos,2010111I01Rik
AbSC_Pos,Tubb2b
AbSC_Pos,Cenpm
AbSC_Pos,Polr2f
AbSC_Pos,Rpl11
AbSC_Pos,Tap1
AbSC_Pos,Hnrnpdl
AbSC_Pos,Ube2s
AbSC_Pos,Nenf
AbSC_Pos,Srrm2
AbSC_Pos,Mt1
AbSC_Pos,Rpl38
AbSC_Pos,Eif5a
AbSC_Pos,Cd24a
AbSC_Pos,Snrpb
AbSC_Pos,Lsm7
AbSC_Pos,Gipc1
AbSC_Pos,Kcne3
AbSC_Pos,Arid5b
AbSC_Pos,Tuba1b
AbSC_Pos,Sssca1
AbSC_Pos,Rps23
AbSC_Pos,Tra2a
AbSC_Pos,Fdft1
AbSC_Pos,Id1
AbSC_Pos,H2-Aa
AbSC_Pos,Rpl27
AbSC_Pos,Ptov1
AbSC_Pos,Grn
AbSC_Pos,Fbl
AbSC_Pos,Ube2l6
AbSC_Pos,Myl12b
AbSC_Pos,Serbp1
AbSC_Pos,Aplp2
AbSC_Pos,Mybbp1a
AbSC_Pos,Psmc4
AbSC_Pos,Qtrt1
AbSC_Pos,Med21
AbSC_Pos,Map1lc3b
AbSC_Pos,Prom1
AbSC_Pos,Lmo7
AbSC_Pos,Tpi1
AbSC_Pos,Rpl26
AbSC_Pos,Srsf11
AbSC_Pos,Rpl19
AbSC_Pos,Nme4
AbSC_Pos,Erh
AbSC_Pos,Rbm25
AbSC_Pos,Npc2
AbSC_Pos,Chic2
AbSC_Pos,Itga6
AbSC_Pos,Rps14
AbSC_Pos,Rps19
AbSC_Pos,Lgals9
AbSC_Pos,Tagln2
AbSC_Pos,Cct7
AbSC_Pos,Ppp1r2
AbSC_Pos,Rpl14
AbSC_Pos,Raly
AbSC_Pos,Tpm3
AbSC_Pos,Ctsd
AbSC_Pos,Btf3
AbSC_Pos,Arpp19
AbSC_Pos,Cdca7
AbSC_Pos,Bola2
AbSC_Pos,Nolc1
AbSC_Pos,Psma2
AbSC_Pos,Acer2
AbSC_Pos,Srsf7
AbSC_Pos,Bnip3l
AbSC_Pos,Tcof1
AbSC_Pos,Sf3b3
AbSC_Pos,Eif3d
AbSC_Pos,Ilf2
AbSC_Pos,Bclaf1
AbSC_Pos,Snu13
AbSC_Pos,Ebna1bp2
AbSC_Pos,Snrpd1
AbSC_Pos,Snrnp70
AbSC_Pos,Ranbp1
AbSC_Pos,Ift43
AbSC_Pos,Rps18
AbSC_Pos,Ass1
AbSC_Pos,Siva1
AbSC_Pos,Rplp0
AbSC_Pos,Lsr
AbSC_Pos,Rpl13a
AbSC_Pos,Rpl12
AbSC_Pos,Tpm1
AbSC_Pos,Vcp
AbSC_Pos,Pabpc1
AbSC_Pos,Cnbp
AbSC_Pos,Mak16
AbSC_Pos,Psmb4
AbSC_Pos,Srsf10
AbSC_Pos,Sumo2
AbSC_Pos,Ezh2
AbSC_Pos,Epcam
AbSC_Pos,Ppp1r14b
AbSC_Pos,Gar1
AbSC_Pos,G3bp2
AbSC_Pos,Fasn
AbSC_Pos,Psip1
AbSC_Pos,Pdap1
AbSC_Pos,Rpl4
AbSC_Pos,Rps20
AbSC_Pos,Rpl34
AbSC_Pos,Clic4
AbSC_Pos,Laptm4a
AbSC_Pos,Rpl10a
AbSC_Pos,Ddx21
AbSC_Pos,Exosc4
AbSC_Pos,Rpl18a
AbSC_Pos,Rpl7
AbSC_Pos,Rps5
AbSC_Pos,Ssrp1
AbSC_Pos,Tst
AbSC_Pos,Zfp36l1
AbSC_Pos,Mbnl1
AbSC_Pos,Map1lc3a
AbSC_Pos,Cct2
AbSC_Pos,Nmi
AbSC_Pos,Rpl27a
AbSC_Pos,Mrto4
AbSC_Pos,Pfdn2
AbSC_Pos,Eif2ak2
AbSC_Pos,Cuedc2
AbSC_Pos,Psmb9
AbSC_Pos,Mtdh
AbSC_Pos,Nop58
AbSC_Pos,Lysmd2
AbSC_Pos,Rps17
AbSC_Pos,Tnfaip8l1
AbSC_Pos,Tuba1c
AbSC_Pos,Smarce1
AbSC_Pos,Slc38a2
AbSC_Pos,Eif4ebp1
AbSC_Pos,Vgll4
AbSC_Pos,Eef2
AbSC_Pos,Rps9
AbSC_Pos,H2afj
AbSC_Pos,Zfp593
AbSC_Pos,Arl6ip4
AbSC_Pos,Eef1e1
AbSC_Pos,Hnrnpu
AbSC_Pos,Psmc3
AbSC_Pos,Atrx
AbSC_Pos,Srrm1
AbSC_Pos,Rps25
AbSC_Pos,Med10
AbSC_Pos,Tomm20
AbSC_Pos,Rplp2
AbSC_Pos,Grcc10
AbSC_Pos,Znhit1
AbSC_Pos,Akr1b3
AbSC_Pos,Rpl3
AbSC_Pos,F11r
AbSC_Pos,Rps12
AbSC_Pos,Mcrip1
AbSC_Pos,Uba52
AbSC_Pos,Paics
AbSC_Pos,Rpl24
AbSC_Pos,Snrpf
AbSC_Pos,Mat2a
AbSC_Pos,Smarca5
AbSC_Pos,Fcf1
AbSC_Pos,Echdc2
AbSC_Pos,Akap13
AbSC_Pos,Gch1
AbSC_Pos,Hif1a
AbSC_Pos,Lars
AbSC_Pos,Stard10
AbSC_Pos,Anp32b
AbSC_Pos,Ssb
AbSC_Pos,Hddc2
AbSC_Pos,Ddx39
AbSC_Pos,Plscr1
AbSC_Pos,Adrm1
AbSC_Pos,Sap30
AbSC_Pos,Rabac1
AbSC_Pos,Tpd52l2
AbSC_Pos,Tpm4
AbSC_Pos,Hprt
AbSC_Pos,Gadd45g
AbSC_Pos,Fdps
AbSC_Pos,Nemf
AbSC_Pos,Tcp1
AbSC_Pos,Rplp1
AbSC_Pos,Apex1
AbSC_Pos,Rps13
AbSC_Pos,Bax
AbSC_Pos,Chd9
AbSC_Pos,Rps28
AbSC_Pos,Usp22
AbSC_Pos,Trib1
AbSC_Pos,Tpr
AbSC_Pos,Cnn3
AbSC_Pos,Sars
AbSC_Pos,Rps6
AbSC_Pos,Rabggtb
AbSC_Pos,Gtpbp4
AbSC_Pos,Fkbp3
AbSC_Pos,Lgals3bp
AbSC_Pos,Snrpd2
AbSC_Pos,Scaf11
AbSC_Pos,Sertad1
AbSC_Pos,Psmc6
AbSC_Pos,Park7
AbSC_Pos,Dctn3
AbSC_Pos,Pgls
AbSC_Pos,Atox1
AbSC_Pos,Rbx1
AbSC_Pos,Sf3b2
AbSC_Pos,Pomp
AbSC_Pos,Capns1
AbSC_Pos,Nsmce1
AbSC_Pos,Ran
AbSC_Pos,Dcun1d5
AbSC_Pos,Snrpg
AbSC_Pos,Lyar
AbSC_Pos,Nubp1
AbSC_Pos,Bola1
AbSC_Pos,Otub1
AbSC_Pos,1810058I24Rik
AbSC_Pos,Prr15
AbSC_Pos,Fam60a
AbSC_Pos,Trp53
AbSC_Pos,Psmb6
AbSC_Pos,Ralbp1
AbSC_Pos,Csnk1a1
AbSC_Pos,Rpl37a
AbSC_Pos,Rpl17
AbSC_Pos,Sdhaf1
AbSC_Pos,Crb3
AbSC_Pos,Ewsr1
AbSC_Pos,Nono
AbSC_Pos,Psmc2
AbSC_Pos,Pkm
AbSC_Pos,Rpl5
AbSC_Pos,Psmg4
AbSC_Pos,Polr2g
AbSC_Pos,Rtf1
AbSC_Pos,Eif1ax
AbSC_Pos,Utp3
AbSC_Pos,Rbm39
AbSC_Pos,Sltm
AbSC_Pos,Eif4g2
AbSC_Pos,Rpl32
AbSC_Pos,Srm
AbSC_Pos,Nras
AbSC_Pos,Esf1
AbSC_Pos,Cdc37
AbSC_Pos,Psmb3
AbSC_Pos,Puf60
AbSC_Pos,Ppan
AbSC_Pos,Zfand5
AbSC_Pos,Mrpl17
AbSC_Pos,Fam46a
AbSC_Pos,Pak2
AbSC_Pos,Eif3a
AbSC_Pos,Gnai2
AbSC_Pos,Tia1
AbSC_Pos,Fkbp1a
AbSC_Pos,Ywhae
AbSC_Pos,Rpl37
AbSC_Pos,Txndc9
AbSC_Pos,Ufc1
AbSC_Pos,Mphosph10
AbSC_Pos,Rpl35
AbSC_Pos,Pafah1b3
AbSC_Pos,Hmga1
AbSC_Pos,Lmna
AbSC_Pos,Pak1
AbSC_Pos,Pa2g4
AbSC_Pos,Trappc6a
AbSC_Pos,H3f3a
AbSC_Pos,Kif5b
AbSC_Pos,Rpl13
AbSC_Pos,Hmgb1
AbSC_Pos,Cct3
AbSC_Pos,Nol12
AbSC_Pos,Ifi35
AbSC_Pos,Eif3g
AbSC_Pos,Ruvbl1
AbSC_Pos,U2af1
AbSC_Pos,Slc25a17
AbSC_Pos,Sqstm1
AbSC_Pos,Rbbp4
AbSC_Pos,Mvb12a
AbSC_Pos,Eif2s1
AbSC_Pos,Ube2e1
AbSC_Pos,Psma1
AbSC_Pos,Sigmar1
AbSC_Pos,Prrc2c
AbSC_Pos,Ifrd1
AbSC_Pos,Plp2
AbSC_Pos,Eif3k
AbSC_Pos,Ptrh2
AbSC_Pos,Tmed5
AbSC_Pos,Pfdn4
AbSC_Pos,Exosc5
AbSC_Pos,Ppib
AbSC_Pos,Cbx3
AbSC_Pos,Cldn2
AbSC_Pos,Ttc3
AbSC_Pos,Ubxn1
AbSC_Pos,Spag7
AbSC_Pos,Wars
AbSC_Pos,Rpl23a
AbSC_Pos,Dnajc8
AbSC_Pos,Brix1
AbSC_Pos,Strap
AbSC_Pos,Ddx18
AbSC_Pos,Trim28
AbSC_Pos,Acin1
AbSC_Pos,Dnajb6
AbSC_Pos,Bcl3
AbSC_Pos,Psmb7
AbSC_Pos,Junb
AbSC_Pos,Laptm4b
AbSC_Pos,Psmc5
AbSC_Pos,Cct8
AbSC_Pos,Picalm
AbSC_Pos,Cd151
AbSC_Pos,Ddx39b
AbSC_Pos,Nip7
AbSC_Pos,Pttg1
AbSC_Pos,Rsrc2
AbSC_Pos,Hmgb3
AbSC_Pos,Comt
AbSC_Pos,Aimp1
AbSC_Pos,Nasp
AbSC_Pos,Dhrs7
AbSC_Pos,Med28
AbSC_Pos,Snrpd3
AbSC_Pos,Actb
AbSC_Pos,Cops5
AbSC_Pos,Ascc3
AbSC_Pos,Leprotl1
AbSC_Pos,Tuba4a
AbSC_Pos,Psmb1
AbSC_Pos,Smarcb1
AbSC_Pos,H2-DMa
AbSC_Pos,Ascl2
AbSC_Pos,Sptssa
AbSC_Pos,Rnps1
AbSC_Pos,Cebpz
AbSC_Pos,Prpf40a
AbSC_Pos,Dhx9
AbSC_Pos,Anxa7
AbSC_Pos,Snrpa
AbSC_Pos,Eif3m
AbSC_Pos,Ubald2
AbSC_Pos,Nr2c2ap
AbSC_Pos,Rps8
AbSC_Pos,Ccdc12
AbSC_Pos,Psmc1
AbSC_Pos,Srsf5
AbSC_Pos,Rack1
AbSC_Pos,Swi5
AbSC_Pos,Eif5
AbSC_Pos,Tsg101
AbSC_Pos,Stub1
AbSC_Pos,Rpl22
AbSC_Pos,Sin3b
AbSC_Pos,Eef1a1
AbSC_Pos,Phax
AbSC_Pos,Serinc2
AbSC_Pos,Ubap2l
AbSC_Pos,Sarnp
AbSC_Pos,Vps72
AbSC_Pos,Nsa2
AbSC_Pos,Mrpl33
AbSC_Pos,Psmd12
AbSC_Pos,Tbcb
AbSC_Pos,Rps11
AbSC_Pos,Btf3l4
AbSC_Pos,Eef1g
AbSC_Pos,Mob4
AbSC_Pos,Rab11a
AbSC_Pos,Smn1
AbSC_Pos,Hnrnpk
AbSC_Pos,Pbdc1
AbSC_Pos,Eif4a3
AbSC_Pos,Eif3i
AbSC_Pos,Utp14a
AbSC_Pos,Litaf
AbSC_Pos,Ube2n
AbSC_Pos,Psmd14
AbSC_Pos,Ctnnb1
AbSC_Pos,Anp32e
AbSC_Pos,Actr10
AbSC_Pos,Srsf3
AbSC_Pos,Ube2b
AbSC_Pos,Hmgcr
AbSC_Pos,Sdf4
AbSC_Pos,Ccdc59
AbSC_Pos,Mri1
AbSC_Pos,Pdcd5
AbSC_Pos,Wbp4
AbSC_Pos,Npdc1
AbSC_Pos,Rrp1
AbSC_Pos,Mapre1
AbSC_Pos,Dhps
AbSC_Pos,Eif6
AbSC_Pos,Krtcap3
AbSC_Pos,Tmed9
AbSC_Pos,Psmd13
AbSC_Pos,Pcbp2
AbSC_Pos,Eno1
AbSC_Pos,Dtymk
AbSC_Pos,Rps21
AbSC_Pos,Rnaseh2a
AbSC_Pos,Tcea1
AbSC_Pos,Baz1a
AbSC_Pos,Luc7l3
AbSC_Pos,Imp3
AbSC_Pos,Rps27a
AbSC_Pos,Snrpc
AbSC_Pos,Naxd
AbSC_Pos,Syncrip
AbSC_Pos,Tsn
AbSC_Pos,Ube2d2a
AbSC_Pos,Manbal
AbSC_Pos,Psma5
AbSC_Pos,Psmb10
AbSC_Pos,H2afz
AbSC_Pos,Tmem128
AbSC_Pos,Khdrbs1
AbSC_Pos,Rala
AbSC_Pos,Id2
AbSC_Pos,Arhgdia
AbSC_Pos,Rps29
AbSC_Pos,Gnas
AbSC_Pos,Rere
AbSC_Pos,Rpl15
AbSC_Pos,Rpl29
AbSC_Pos,Top1
AbSC_Pos,Naa20
AbSC_Pos,Tapbp
AbSC_Pos,Psmd1
AbSC_Pos,Eif2b2
AbSC_Pos,Ddx5
AbSC_Pos,Trmt6
AbSC_Pos,Cks1b
AbSC_Pos,Trappc4
AbSC_Pos,Ube2l3
AbSC_Pos,Arid4b
AbSC_Pos,Glmp
AbSC_Pos,Mrpl52
AbSC_Pos,Pin1
AbSC_Pos,Hnrnpd
AbSC_Pos,Rpl8
AbSC_Pos,Lsm4
AbSC_Pos,Eif3e
AbSC_Pos,Rbbp7
AbSC_Pos,Cyth2
AbSC_Pos,Lamtor1
AbSC_Pos,Eloc
AbSC_Pos,Pole4
AbSC_Pos,Eif3f
AbSC_Pos,Ppia
AbSC_Pos,Uchl3
AbSC_Pos,Actl6a
AbSC_Pos,Hspa8
AbSC_Pos,Mrpl54
AbSC_Pos,Hells
AbSC_Pos,Tmem234
AbSC_Pos,Morf4l1
AbSC_Pos,Sh3bgrl2
AbSC_Pos,Cd320
AbSC_Pos,Irf8
AbSC_Pos,Naca
AbSC_Pos,Denr
AbSC_Pos,Snrpb2
AbSC_Pos,Rps16
AbSC_Pos,Nop16
AbSC_Pos,Glrx3
AbSC_Pos,Alyref
AbSC_Pos,Anapc16
AbSC_Pos,Bloc1s2
AbSC_Pos,Lypla2
AbSC_Pos,Gm10076
AbSC_Pos,Psmd8
AbSC_Pos,H2-T23
AbSC_Pos,Rps26
AbSC_Pos,Rpl36a
AbSC_Pos,Lipt2
AbSC_Pos,Ciapin1
AbSC_Pos,Sf3b4
AbSC_Pos,Cdc42se1
AbSC_Pos,Kras
AbSC_Pos,Rac1
AbSC_Pos,Taf10
AbSC_Pos,Cetn3
AbSC_Pos,Itgb1
AbSC_Pos,Akr1a1
AbSC_Pos,Eif1a
AbSC_Pos,Fam103a1
AbSC_Pos,Rps27
AbSC_Pos,Nop14
AbSC_Pos,Emg1
AbSC_Pos,Srp14
AbSC_Pos,Nfkbib
AbSC_Pos,Dcakd
AbSC_Pos,Paip2
AbSC_Pos,Psma6
AbSC_Pos,Tmod3
AbSC_Pos,Gtf3c6
AbSC_Pos,Rfc3
AbSC_Pos,Gmps
AbSC_Pos,Sem1
AbSC_Pos,Eef1d
AbSC_Pos,Rsl24d1
AbSC_Diff,Bex1
AbSC_Diff,S100a6
AbSC_Diff,S100a11
AbSC_Diff,Fabp2
AbSC_Diff,Marcksl1
AbSC_Diff,Tmsb10
AbSC_Diff,Prap1
AbSC_Diff,Ifitm1
AbSC_Diff,Ifitm3
AbSC_Diff,Smim24
AbSC_Diff,Nkd1
AbSC_Diff,Cyba
AbSC_Diff,Mmp7
AbSC_Diff,Tm4sf5
AbSC_Diff,Igfbp4
AbSC_Diff,Ly6e
AbSC_Diff,Ly6a
AbSC_Diff,Krt18
AbSC_Diff,Ecscr
AbSC_Diff,H2-Q7
AbSC_Diff,Phgr1
AbSC_Diff,Wfdc18
AbSC_Diff,Ccl25
AbSC_Diff,Aldob
AbSC_Diff,Msx1
AbSC_Diff,Ier3
AbSC_Diff,Mgst3
AbSC_Diff,Mif
AbSC_Diff,Lgals4
AbSC_Diff,Fxyd3
AbSC_Diff,Cd74
AbSC_Diff,Aspscr1
AbSC_Diff,Krt7
AbSC_Diff,Adh1
AbSC_Diff,Lgals2
AbSC_Diff,Bst2
AbSC_Diff,Pigr
AbSC_Diff,Crip1
AbSC_Diff,Clu
AbSC_Diff,Tubb5
AbSC_Diff,Phlda1
AbSC_Diff,Cd9
AbSC_Diff,Cldn4
AbSC_Diff,Ckmt1
AbSC_Diff,Cox8a
AbSC_Diff,H2-D1
AbSC_Diff,Dmbt1
AbSC_Diff,Hsp90ab1
AbSC_Diff,Ly6d
AbSC_Diff,Scd2
AbSC_Diff,Isg15
AbSC_Diff,Stat1
AbSC_Diff,Arg2
AbSC_Diff,Rbm3
AbSC_Diff,Lypd8
AbSC_Diff,Pglyrp1
AbSC_Diff,S100a14
AbSC_Diff,Actg1
AbSC_Diff,Khk
AbSC_Diff,Rtp4
AbSC_Diff,Fabp1
AbSC_Diff,Psmb8
AbSC_Diff,Tnfrsf12a
AbSC_Diff,Emp2
AbSC_Diff,Cox7b
AbSC_Diff,Pycard
AbSC_Diff,Gsto1
AbSC_Diff,mt-Nd4
AbSC_Diff,Cox6a1
AbSC_Diff,Atp5g3
AbSC_Diff,Otc
AbSC_Diff,Pdlim7
AbSC_Diff,Cox7a2
AbSC_Diff,Prox1
AbSC_Diff,Hmgn1
AbSC_Diff,Iigp1
AbSC_Diff,Ifitm2
AbSC_Diff,Oat
AbSC_Diff,Glod5
AbSC_Diff,Hadh
AbSC_Diff,Krt23
AbSC_Diff,Calml4
AbSC_Diff,Bok
AbSC_Diff,Rbp2
AbSC_Diff,Cox4i1
AbSC_Diff,H2-K1
AbSC_Diff,Cps1
AbSC_Diff,Rpl41
AbSC_Diff,Cox6c
AbSC_Diff,Atp5j2
AbSC_Diff,Ctxn1
AbSC_Diff,Hebp2
AbSC_Diff,Cda
AbSC_Diff,Klk1
AbSC_Diff,Cfl1
AbSC_Diff,Serf2
AbSC_Diff,Dgat1
AbSC_Diff,H2-Eb1
AbSC_Diff,Aadac
AbSC_Diff,Plac8
AbSC_Diff,Pla2g12a
AbSC_Diff,Serpinb1a
AbSC_Diff,Fth1
AbSC_Diff,Sdhb
AbSC_Diff,Zbp1
AbSC_Diff,Cldn15
AbSC_Diff,Gstm3
AbSC_Diff,Xaf1
AbSC_Diff,Fuom
AbSC_Diff,Tm6sf2
AbSC_Diff,Fam213b
AbSC_Diff,Cox6b1
AbSC_Diff,Slc25a4
AbSC_Diff,Cgref1
AbSC_Diff,2-Mar
AbSC_Diff,Chchd10
AbSC_Diff,Tspan8
AbSC_Diff,Chmp4b
AbSC_Diff,Sox4
AbSC_Diff,Cideb
AbSC_Diff,Cryl1
AbSC_Diff,Atp5o.1
AbSC_Diff,Sult1d1
AbSC_Diff,Dhrs11
AbSC_Diff,Aamdc
AbSC_Diff,Lcn2
AbSC_Diff,Tceal9
AbSC_Diff,Igtp
AbSC_Diff,Ces2e
AbSC_Diff,B4galnt1
AbSC_Diff,Reg1
AbSC_Diff,H2-Ab1
AbSC_Diff,Gm1123
AbSC_Diff,Atpif1
AbSC_Diff,Prmt1
AbSC_Diff,Maoa
AbSC_Diff,Cd24a
AbSC_Diff,Atp5g1
AbSC_Diff,Ctsl
AbSC_Diff,St3gal4
AbSC_Diff,Ms4a10
AbSC_Diff,Spink1
AbSC_Diff,Sult1b1
AbSC_Diff,Adh6a
AbSC_Diff,Fbp2
AbSC_Diff,Ndufb9
AbSC_Diff,Nap1l1
AbSC_Diff,Rpsa
AbSC_Diff,Mttp
AbSC_Diff,Atp5l
AbSC_Diff,Cyb5a
AbSC_Diff,Tmsb4x
AbSC_Diff,Cox5b
AbSC_Diff,Calm1
AbSC_Diff,Rnf186
AbSC_Diff,Muc13
AbSC_Diff,Rpl19
AbSC_Diff,Ppp1r14d
AbSC_Diff,Prdx2
AbSC_Diff,Cebpd
AbSC_Diff,Dynll1
AbSC_Diff,Rpl11
AbSC_Diff,Psme1
AbSC_Diff,Ndufb10
AbSC_Diff,Txn1
AbSC_Diff,Cd44
AbSC_Diff,Rpl6
AbSC_Diff,Acaa2
AbSC_Diff,Vdr
AbSC_Diff,Krtcap2
AbSC_Diff,Chp2
AbSC_Diff,Tspan3
AbSC_Diff,Pmepa1
AbSC_Diff,Cmbl
AbSC_Diff,Minos1
AbSC_Diff,Sis
AbSC_Diff,Clca4b
AbSC_Diff,H2-Q4
AbSC_Diff,Slc25a5
AbSC_Diff,Ets2
AbSC_Diff,Cdhr5
AbSC_Diff,Apoc3
AbSC_Diff,mt-Nd2
AbSC_Diff,Uqcr11
AbSC_Diff,Myl12a
AbSC_Diff,Mdh2
AbSC_Diff,Pebp1
AbSC_Diff,Acp5
AbSC_Diff,Blvrb
AbSC_Diff,Krt20
AbSC_Diff,Mpc2
AbSC_Diff,Rps14
AbSC_Diff,Gstp1
AbSC_Diff,Uqcrfs1
AbSC_Diff,Tspo
AbSC_Diff,Ifi47
AbSC_Diff,Gapdh
AbSC_Diff,Scp2
AbSC_Diff,Oas1a
AbSC_Diff,Cd302
AbSC_Diff,Fahd1
AbSC_Diff,Bpnt1
AbSC_Diff,Aldh1b1
AbSC_Diff,Akr1c19
AbSC_Diff,Mapk13
AbSC_Diff,Rps23
AbSC_Diff,Ncl
AbSC_Diff,BC030870
AbSC_Diff,Cela1
AbSC_Diff,B2m
AbSC_Diff,Chchd7
AbSC_Diff,Sri
AbSC_Diff,Rtn4
AbSC_Diff,Cdh17
AbSC_Diff,Prlr
AbSC_Diff,Clec2h
AbSC_Diff,Ndufa5
AbSC_Diff,Rps15
AbSC_Diff,Alpi
AbSC_Diff,Chpt1
AbSC_Diff,Aoc1
AbSC_Diff,Cst6
AbSC_Diff,Ndufc1
AbSC_Diff,H3f3b
AbSC_Diff,Cyc1
AbSC_Diff,Mdh1
AbSC_Diff,Gstt1
AbSC_Diff,Eif4a1
AbSC_Diff,Axin2
AbSC_Diff,Cdhr2
AbSC_Diff,Tcea3
AbSC_Diff,Ccnd1
AbSC_Diff,Anpep
AbSC_Diff,Uqcrq
AbSC_Diff,Hnrnpab
AbSC_Diff,Rpl26
AbSC_Diff,Gna11
AbSC_Diff,Epcam
AbSC_Diff,Rpl27
AbSC_Diff,Cox5a
AbSC_Diff,Hnrnpa1
AbSC_Diff,Nhp2
AbSC_Diff,Atp5c1
AbSC_Diff,Atp5d
AbSC_Diff,Atp5h
AbSC_Diff,Aqp11
AbSC_Diff,Uqcrh
AbSC_Diff,Apob
AbSC_Diff,Cox7c
AbSC_Diff,Gstm2
AbSC_Diff,Mtch2
AbSC_Diff,Ass1
AbSC_Diff,P4hb
AbSC_Diff,Lysmd2
AbSC_Diff,Cyb5r3
AbSC_Diff,Tnfsf13os
AbSC_Diff,Npm1
AbSC_Diff,Stmn1
AbSC_Diff,Sdc1
AbSC_Diff,Ephx2
AbSC_Diff,Car4
AbSC_Diff,Sdhd
AbSC_Diff,Ces1f
AbSC_Diff,Hdhd3
AbSC_Diff,Ndufb11
AbSC_Diff,Ahcyl2
AbSC_Diff,Snhg6
AbSC_Diff,Ces2c
AbSC_Diff,Rpl38
AbSC_Diff,Msra
AbSC_Diff,Bex3
AbSC_Diff,Eif2s2
AbSC_Diff,Cyp4f14
AbSC_Diff,Ndufa4
AbSC_Diff,Aldh9a1
AbSC_Diff,Irf7
AbSC_Diff,Ddc
AbSC_Diff,Rpl18a
AbSC_Diff,Fmo5
AbSC_Diff,Myo1a
AbSC_Diff,Abcg2
AbSC_Diff,Rpl34
AbSC_Diff,Rnf213
AbSC_Diff,Ndufb5
AbSC_Diff,Erich4
AbSC_Diff,S100a16
AbSC_Diff,Rplp0
AbSC_Diff,Rpl31
AbSC_Diff,Cox7a1
AbSC_Diff,Tmem37
AbSC_Diff,Fos
AbSC_Diff,Uqcrc1
AbSC_Diff,Usmg5
AbSC_Diff,Eif3c
AbSC_Diff,1500011B03Rik
AbSC_Diff,Apoa4
AbSC_Diff,Psma7
AbSC_Diff,Slc39a5
AbSC_Diff,Ogdh
AbSC_Diff,Dhrs1
AbSC_Diff,Myo15b
AbSC_Diff,Metap2
AbSC_Diff,Psma3
AbSC_Diff,Reep6
AbSC_Diff,Atp5f1
AbSC_Diff,Clic1
AbSC_Diff,Ech1
AbSC_Diff,Acat1
AbSC_Diff,Rpl14
AbSC_Diff,Ndufs7
AbSC_Diff,Selenoh
AbSC_Diff,Rps20
AbSC_Diff,Creb3l3
AbSC_Diff,Apoa1
AbSC_Diff,Arpc1b
AbSC_Diff,Skp1a
AbSC_Diff,Cenpx
AbSC_Diff,Aldoa
AbSC_Diff,Ndufa3
AbSC_Diff,Rpl36
AbSC_Diff,Ifi27l2b
AbSC_Diff,Hes6
AbSC_Diff,Hadha
AbSC_Diff,Mall
AbSC_Diff,mt-Nd4l
AbSC_Diff,H2afv
AbSC_Diff,Rps19
AbSC_Diff,Atp5k
AbSC_Diff,Rps5
AbSC_Diff,Atp6v1g1
AbSC_Diff,Cdk2ap2
AbSC_Diff,Rpl10a
AbSC_Diff,Rpl24
AbSC_Diff,Btf3
AbSC_Diff,Spink4
AbSC_Diff,Trim31
AbSC_Diff,Ptma
AbSC_Diff,Guca2b
AbSC_Diff,Shisa5
AbSC_Diff,Rpl27a
AbSC_Diff,Adtrp
AbSC_Diff,Sfxn1
AbSC_Diff,Lgals3
AbSC_Diff,Coa3
AbSC_Diff,Enpep
AbSC_Diff,App
AbSC_Diff,Selenop
AbSC_Diff,Cirbp
AbSC_Diff,Aco2
AbSC_Diff,Cycs
AbSC_Diff,Rps18
AbSC_Diff,Csrp1
AbSC_Diff,Smpdl3a
AbSC_Diff,Lpgat1
AbSC_Diff,mt-Nd3
AbSC_Diff,Suclg1
AbSC_Diff,Atp5e
AbSC_Diff,Rps9
AbSC_Diff,Tpi1
AbSC_Diff,Mt2
AbSC_Diff,Cisd3
AbSC_Diff,Hnrnpa3
AbSC_Diff,Slc51a
AbSC_Diff,H2-DMb1
AbSC_Diff,Dpp4
AbSC_Diff,Gm45716
AbSC_Diff,Ube2l6
AbSC_Diff,Cdkn2b
AbSC_Diff,Atp5j
AbSC_Diff,Rpl7
AbSC_Diff,Tcn2
AbSC_Diff,Slc27a4
AbSC_Diff,Rpl12
AbSC_Diff,Avpi1
AbSC_Diff,Mgst1
AbSC_Diff,Sypl
AbSC_Diff,Tkfc
AbSC_Diff,Uqcrb
AbSC_Diff,Mogat2
AbSC_Diff,2200002D01Rik
AbSC_Diff,Sfn
AbSC_Diff,Akr7a5
AbSC_Diff,Epb41l3
AbSC_Diff,Rplp2
AbSC_Diff,Mep1b
AbSC_Diff,Gadd45g
AbSC_Diff,Ddit4
AbSC_Diff,Me2
AbSC_Diff,Cat
AbSC_Diff,Acer2
AbSC_Diff,Snrpe
AbSC_Diff,S100a1
AbSC_Diff,Pla2g12b
AbSC_Diff,Rps13
AbSC_Diff,Nme4
AbSC_Diff,Cbr1
AbSC_Diff,Ak2
AbSC_Diff,Isx
AbSC_Diff,Sec13
AbSC_Diff,Sdhc
AbSC_Diff,Ace
AbSC_Diff,Ppp1ca
AbSC_Diff,Pycrl
AbSC_Diff,Iqgap2
AbSC_Diff,Ntmt1
AbSC_Diff,Ndufv3
AbSC_Diff,mt-Cytb
AbSC_Diff,H2-T22
AbSC_Diff,Eif5a
AbSC_Diff,Nfkbia
AbSC_Diff,Acsl5
AbSC_Diff,Acox1
AbSC_Diff,Rab4a
AbSC_Diff,Atp1a1
AbSC_Diff,Bdh1
AbSC_Diff,Psmb5
AbSC_Diff,Tnfaip8l1
AbSC_Diff,Slc9a3r1
AbSC_Diff,Atp6v1f
AbSC_Diff,Hnf4g
AbSC_Diff,Galnt6
AbSC_Diff,Anp32a
AbSC_Diff,Txndc17
AbSC_Diff,Tmbim6
AbSC_Diff,Ggt1
AbSC_Diff,Lamp2
AbSC_Diff,H2-Q2
AbSC_Diff,2210407C18Rik
AbSC_Diff,Tubb2b
AbSC_Diff,Cyp3a13
AbSC_Diff,Rplp1
AbSC_Diff,Idh3b
AbSC_Diff,Ube2i
AbSC_Diff,Trmt112
AbSC_Diff,Rpl4
AbSC_Diff,Xrn2
AbSC_Diff,Acbd4
AbSC_Diff,Tmem120a
AbSC_Diff,Gstm5
AbSC_Diff,mt-Co3
AbSC_Diff,Ktn1
AbSC_Diff,Ndufab1
AbSC_Diff,Onecut2
AbSC_Diff,Prkca
AbSC_Diff,Ndufb6
AbSC_Diff,Vkorc1
AbSC_Diff,Etfa
AbSC_Diff,Prdx5
AbSC_Diff,Atp5a1
AbSC_Diff,Aldh2
AbSC_Diff,Serbp1
AbSC_Diff,Anxa2
AbSC_Diff,Ndufb2
AbSC_Diff,Hagh
AbSC_Diff,Nlrp6
AbSC_Diff,Rps25
AbSC_Diff,Cox20
AbSC_Diff,Rps17
AbSC_Diff,Slc25a3
AbSC_Diff,Rpl3
AbSC_Diff,Rps28
AbSC_Diff,Fdft1
AbSC_Diff,Sdha
AbSC_Diff,Ugt2b34
AbSC_Diff,Nfe2l2
AbSC_Diff,Ndufb3
AbSC_Diff,Acy1
AbSC_Diff,Mbd3
AbSC_Diff,Psmd7
AbSC_Diff,Surf4
AbSC_Diff,Calm3
AbSC_Diff,Ndufa11
AbSC_Diff,Rps6
AbSC_Diff,Uqcrc2
AbSC_Diff,Sprr2a3
AbSC_Diff,Rflnb
AbSC_Diff,Mcrip2
AbSC_Diff,Gng12
AbSC_Diff,Muc3
AbSC_Diff,C1qtnf12
AbSC_Diff,Set
AbSC_Diff,Tes
AbSC_Diff,1810022K09Rik
AbSC_Diff,Mgam
AbSC_Diff,Csrp2
AbSC_Diff,Abhd14b
AbSC_Diff,Rpl37
AbSC_Diff,Svip
AbSC_Diff,Cenpm
AbSC_Diff,Actb
AbSC_Diff,Pnkd
AbSC_Diff,Dhrs4
AbSC_Diff,Slc6a8
AbSC_Diff,2010107E04Rik
AbSC_Diff,Ndufa6
AbSC_Diff,Rps12
AbSC_Diff,Cdk4
AbSC_Diff,Slc35b1
AbSC_Diff,Ehf
AbSC_Diff,Llph
AbSC_Diff,Snrpb
AbSC_Diff,1110004F10Rik
AbSC_Diff,Snhg12
AbSC_Diff,Tgif1
AbSC_Diff,Rpl17
AbSC_Diff,Uba52
AbSC_Diff,Edf1
AbSC_Diff,Gipc2
AbSC_Diff,Mocs2
AbSC_Diff,Eef1a1
AbSC_Diff,Naprt
AbSC_Diff,Tob1
AbSC_Diff,Rpl32
AbSC_Diff,Dbi
AbSC_Diff,Bola3
AbSC_Diff,Fcgrt
AbSC_Diff,Fus
AbSC_Diff,Hnf4a
AbSC_Diff,Cyb5b
AbSC_Diff,Papss2
AbSC_Diff,Mrpl34
AbSC_Diff,Vil1
AbSC_Diff,Nop56
AbSC_Diff,Nenf
AbSC_Diff,Ugdh
AbSC_Diff,Ociad2
AbSC_Diff,Coro2a
AbSC_Diff,Slc5a1
AbSC_Diff,Sec31a
AbSC_Diff,Tspan13
AbSC_Diff,Tmem253
AbSC_Diff,Casp7
AbSC_Diff,Ccdc34
AbSC_Diff,Rfk
AbSC_Diff,Echdc2
AbSC_Diff,Slc25a17
AbSC_Diff,Plcb3
AbSC_Diff,Gipc1
AbSC_Diff,Zzef1
AbSC_Diff,Fam234a
AbSC_Diff,Tst
AbSC_Diff,mt-Nd5
AbSC_Diff,Mgat4a
AbSC_Diff,Dnajc2
AbSC_Diff,Mafg
AbSC_Diff,Rpl35
AbSC_Diff,Hmgn2
AbSC_Diff,Ptms
AbSC_Diff,Oaz1
AbSC_Diff,Cisd1
AbSC_Diff,Rpl5
AbSC_Diff,Acadm
AbSC_Diff,Acadvl
AbSC_Diff,Psmd4
AbSC_Diff,Smdt1
AbSC_Diff,Gjb1
AbSC_Diff,Sox9
AbSC_Diff,Chchd2
AbSC_Diff,Atp5b
AbSC_Diff,Gch1
AbSC_Diff,Hcfc1r1
AbSC_Diff,Bcas2
AbSC_Diff,Mrps36
AbSC_Diff,Tstd1
AbSC_Diff,Pgrmc1
AbSC_Diff,Hsph1
AbSC_Diff,Rpl37a
AbSC_Diff,Rnh1
AbSC_Diff,Acot8
AbSC_Diff,Qdpr
AbSC_Diff,Oit1
AbSC_Diff,H2-Aa
AbSC_Diff,Gpd1
AbSC_Diff,Ift20
AbSC_Diff,Acot13
AbSC_Diff,Mlec
AbSC_Diff,Kdelr2
AbSC_Diff,Cstb
AbSC_Diff,Akr1c13
AbSC_Diff,Psma2
AbSC_Diff,Ddx24
AbSC_Diff,Decr1
AbSC_Diff,Ush1c
AbSC_Diff,Duoxa2
AbSC_Diff,Srrm2
AbSC_Diff,Cd47
AbSC_Diff,Nr3c1
AbSC_Diff,Qtrt1
AbSC_Diff,Hddc2
AbSC_Diff,Parp14
AbSC_Diff,H1f0
AbSC_Diff,Mlx
AbSC_Diff,Psmb4
AbSC_Diff,Sap30
AbSC_Diff,Hnrnpdl
AbSC_Diff,Ckb
AbSC_Diff,Psip1
AbSC_Diff,Chic2
AbSC_Diff,Prdx6
AbSC_Diff,Acaa1a
AbSC_Diff,Med21
AbSC_Diff,Zfyve21
AbSC_Diff,Ift43
AbSC_Diff,Clca3b
AbSC_Diff,Erh
AbSC_Diff,Akr1c12
AbSC_Diff,Sssca1
AbSC_Diff,Paics
AbSC_Diff,Prkar2a
AbSC_Diff,Eif5b
AbSC_Diff,Fmc1
AbSC_Diff,Olfm4
AbSC_Diff,Selenom
AbSC_Diff,Fbl
AbSC_Diff,Rpl13a
AbSC_Diff,Ncor1
AbSC_Diff,Ndufa1
AbSC_Diff,Polr2f
AbSC_Diff,Rps11
AbSC_Diff,Rpl13
AbSC_Diff,Cnbp
AbSC_Diff,Ss18l2
AbSC_Diff,Hadhb
AbSC_Diff,Lasp1
AbSC_Diff,Tap1
AbSC_Diff,Gda
AbSC_Diff,H2afy
AbSC_Diff,Pgp
AbSC_Diff,Magt1
AbSC_Diff,Ndufv2
AbSC_Diff,2610528J11Rik
AbSC_Diff,Tm4sf20
AbSC_Diff,Ascl2
AbSC_Diff,Gmds
AbSC_Diff,Tspan15
AbSC_Diff,Med10
AbSC_Diff,Eif3k
AbSC_Diff,Rpl29
AbSC_Diff,Smarca4
AbSC_Diff,Atp1b1
AbSC_Diff,Tpm4
AbSC_Diff,Snu13
AbSC_Diff,Ppp1r14b
AbSC_Diff,2010111I01Rik
AbSC_Diff,Rps27a
AbSC_Diff,Cmpk1
AbSC_Diff,Adipor2
AbSC_Diff,Grtp1
AbSC_Diff,Rack1
AbSC_Diff,H3f3a
AbSC_Diff,Hsd17b11
AbSC_Diff,Ndufa8
AbSC_Diff,Glrx
AbSC_Diff,Urah
AbSC_Diff,Dsg2
AbSC_Diff,Ppp1r2
AbSC_Diff,Ppib
AbSC_Diff,Cndp2
AbSC_Diff,Rrbp1
AbSC_Diff,Mcfd2
AbSC_Diff,Fasn
AbSC_Diff,Arpp19
AbSC_Diff,Taf1d
AbSC_Diff,Arid5b
AbSC_Diff,Rpl23a
AbSC_Diff,Rpl15
AbSC_Diff,Knop1
AbSC_Diff,Pomp
AbSC_Diff,Fermt1
AbSC_Diff,Gar1
AbSC_Diff,Sumo2
AbSC_Diff,Nsmce1
AbSC_Diff,Lamtor2
AbSC_Diff,Ceacam10
AbSC_Diff,Eif2ak2
AbSC_Diff,Myh14
AbSC_Diff,Lmo7
AbSC_Diff,Snrpd1
AbSC_Diff,Pls1
AbSC_Diff,Siva1
AbSC_Diff,Smim22
AbSC_Diff,Yif1a
AbSC_Diff,Ranbp1
AbSC_Diff,Gpx1
AbSC_Diff,Tmem9b
AbSC_Diff,Akr1b3
AbSC_Diff,Cct5
AbSC_Diff,Lsm7
AbSC_Diff,0610012G03Rik
AbSC_Diff,Park7
AbSC_Diff,Dynll2
AbSC_Diff,Anp32b
AbSC_Diff,Raly
AbSC_Diff,Lgals9
AbSC_Diff,Tcim
AbSC_Diff,Fcgbp
AbSC_Diff,Epb41l4aos
AbSC_Diff,Tmem41a
AbSC_Diff,Rpl22
AbSC_Diff,G3bp2
AbSC_Diff,Cdc42ep5
AbSC_Diff,Clic4
AbSC_Diff,Hmgb1
AbSC_Diff,Tff3
AbSC_Diff,Hif1a
AbSC_Diff,Zfp593
AbSC_Diff,Ost4
AbSC_Diff,AA467197
AbSC_Diff,Ebna1bp2
AbSC_Diff,Snrpf
AbSC_Diff,Dpm3
AbSC_Diff,Psmc4
AbSC_Diff,H2afj
AbSC_Diff,Tfg
AbSC_Diff,Chchd3
AbSC_Diff,Nedd4
AbSC_Diff,Npc2
AbSC_Diff,Cuedc2
AbSC_Diff,Rbx1
AbSC_Diff,Mpc1
AbSC_Diff,Gnl3
AbSC_Diff,Psmb3
AbSC_Diff,Srsf7
AbSC_Diff,Arl6ip1
AbSC_Diff,Hspe1
AbSC_Diff,Prr15
AbSC_Diff,Psmb1
AbSC_Diff,Psmb6
AbSC_Diff,Tmem45b
AbSC_Diff,Snrpg
AbSC_Diff,Lsr
AbSC_Diff,Plscr1
AbSC_Diff,Fkbp2
AbSC_Diff,Tagln2
AbSC_Diff,Sec22b
AbSC_Diff,Naca
AbSC_Diff,Mrto4
AbSC_Diff,Pepd
AbSC_Diff,Ndufb7
AbSC_Diff,Cd82
AbSC_Diff,Ppp1r1b
AbSC_Diff,Chka
AbSC_Diff,Gstp2
AbSC_Diff,Actn1
AbSC_Diff,Rps16
AbSC_Diff,4931406C07Rik
AbSC_Diff,Mrpl42
AbSC_Diff,Ptov1
AbSC_Diff,Srsf11
AbSC_Diff,Ndufa9
AbSC_Diff,Xdh
AbSC_Diff,Apex1
AbSC_Diff,Mak16
AbSC_Diff,Polr2g
AbSC_Diff,Gstm1
AbSC_Diff,Pitpna
AbSC_Diff,Ipmk
AbSC_Diff,Map1lc3b
AbSC_Diff,Tomm20
AbSC_Diff,Nudt19
AbSC_Diff,Slc31a1
AbSC_Diff,Plin3
AbSC_Diff,Rps21
AbSC_Diff,Rps8
AbSC_Diff,Tm9sf3
AbSC_Diff,Slc3a2
AbSC_Diff,Tuba1b
AbSC_Diff,Myl12b
AbSC_Diff,Gpx4
AbSC_Diff,Smarcc1
AbSC_Diff,Ndufs5
AbSC_Diff,Usp22
AbSC_Diff,Ndufv1
AbSC_Diff,Eif3f
AbSC_Diff,Gnai2
AbSC_Diff,Glul
AbSC_Diff,Tmed4
AbSC_Diff,Ube2s
AbSC_Diff,Map1lc3a
AbSC_Diff,Mcrip1
AbSC_Diff,Kcne3
AbSC_Diff,Nmi
AbSC_Diff,Sar1b
AbSC_Diff,Tpm3
AbSC_Diff,Eef1e1
AbSC_Diff,Azin1
AbSC_Diff,Sertad1
AbSC_Diff,Eef1g
AbSC_Diff,Grn
AbSC_Diff,Plekhb2
AbSC_Diff,Rps27
AbSC_Diff,Gabarap
AbSC_Diff,Snrpd2
AbSC_Diff,Mgst2
AbSC_Diff,Ran
AbSC_Diff,Spcs2
AbSC_Diff,Pfdn4
AbSC_Diff,Rpl36a
AbSC_Diff,Lars
AbSC_Diff,Rbm25
AbSC_Diff,Selenos
AbSC_Diff,U2af1
AbSC_Diff,Prpsap1
AbSC_Diff,Eif1ax
AbSC_Diff,Cmc2
AbSC_Diff,Srrm1
AbSC_Diff,Sult2b1
AbSC_Diff,Ube2e1
AbSC_Diff,Agr2
AbSC_Diff,Rps26
AbSC_Diff,Smarce1
AbSC_Diff,Cct2
AbSC_Diff,Pfdn2
AbSC_Diff,Ppia
AbSC_Diff,Pkm
AbSC_Diff,Nip7
AbSC_Diff,Pnp2
AbSC_Diff,Bnip3l
AbSC_Diff,Bax
AbSC_Diff,Pttg1
AbSC_Diff,Cox7a2l
AbSC_Diff,Pdap1
AbSC_Diff,Fam60a
AbSC_Diff,Vapa
AbSC_Diff,Rpl8
AbSC_Diff,Adrm1
AbSC_Diff,Dnajc3
AbSC_Diff,Bri3bp
AbSC_Diff,Ilf2
AbSC_Diff,Bola2
AbSC_Diff,Selenoi
AbSC_Diff,Psma1
AbSC_Diff,Cnn3
AbSC_Diff,Klf4
AbSC_Diff,Nubp1
AbSC_Diff,Pa2g4
AbSC_Diff,Rps29
AbSC_Diff,Pabpc1
AbSC_Diff,Eif3i
AbSC_Diff,Fkbp3
AbSC_Diff,Laptm4b
AbSC_Diff,Ethe1
AbSC_Diff,Fcf1
AbSC_Diff,Pnp
AbSC_Diff,Dctn3
AbSC_Diff,2210016F16Rik
AbSC_Diff,Ssb
AbSC_Diff,Vamp8
AbSC_Diff,Ezh2
AbSC_Diff,Tmed5
AbSC_Diff,Ruvbl1
AbSC_Diff,Pgls
AbSC_Diff,Fdps
AbSC_Diff,Lypla1
AbSC_Diff,Psmb9
AbSC_Diff,Hspd1
AbSC_Diff,Tcof1
AbSC_Diff,Mybbp1a
AbSC_Diff,Mkrn1
AbSC_Diff,Bola1
AbSC_Diff,Eps8l3
AbSC_Diff,Serp1
AbSC_Diff,Reg3b
AbSC_Diff,Cxadr
AbSC_Diff,Ndfip2
AbSC_Diff,Swi5
AbSC_Diff,Mcu
AbSC_Diff,Dnajc19
AbSC_Diff,Itpk1
AbSC_Diff,Nsa2
AbSC_Diff,Mien1
AbSC_Diff,Psmc3
AbSC_Diff,Cs
AbSC_Diff,Tpm1
AbSC_Diff,Pak1
AbSC_Diff,Zfp36
AbSC_Diff,Mtdh
AbSC_Diff,Spint1
AbSC_Diff,Gpx2
AbSC_Diff,Laptm4a
AbSC_Diff,Tm9sf2
AbSC_Diff,Litaf
AbSC_Diff,Brix1
AbSC_Diff,Dcun1d5
AbSC_Diff,Exosc4
AbSC_Diff,Hprt
AbSC_Diff,Mri1
AbSC_Diff,Vars
AbSC_Diff,Sem1
AbSC_Diff,Eef2
AbSC_Diff,Tcp1
AbSC_Diff,Npdc1
AbSC_Diff,Ppa1
AbSC_Diff,Fkbp1a
AbSC_Diff,Eno1
AbSC_Diff,Mrps14
AbSC_Diff,Psmg4
AbSC_Diff,Cct7
AbSC_Diff,Itga6
AbSC_Diff,Med28
AbSC_Diff,Snrpd3
AbSC_Diff,Hbegf
AbSC_Diff,Eif3d
AbSC_Diff,Abcd3
AbSC_Diff,Phax
AbSC_Diff,Smn1
AbSC_Diff,Copb2
AbSC_Diff,Gtpbp4
AbSC_Diff,Leprotl1
AbSC_Diff,Id3
AbSC_Diff,Mrpl52
AbSC_Diff,Ifi35
AbSC_Diff,Exoc3l4
AbSC_Diff,Rabac1
AbSC_Diff,Hmga1
AbSC_Diff,Txn2
AbSC_Diff,Actr10
AbSC_Diff,Akr1a1
AbSC_Diff,Il18
AbSC_Diff,Ddx39
AbSC_Diff,Ufc1
AbSC_Diff,Tia1
AbSC_Diff,Eif5
AbSC_Diff,Ubxn1
AbSC_Diff,Srm
AbSC_Diff,Eif2s1
AbSC_Diff,Lgals3bp
AbSC_Diff,Tmed9
AbSC_Diff,Gm42031
AbSC_Diff,Nras
AbSC_Diff,Trmt6
AbSC_Diff,Grcc10
AbSC_Diff,Bcl3
AbSC_Diff,Psmc2
AbSC_Diff,Nol12
AbSC_Diff,Eif6
AbSC_Diff,Snrnp70
AbSC_Diff,Znhit1
AbSC_Diff,Tmem258
AbSC_Diff,Btf3l4
AbSC_Diff,Psmc6
AbSC_Diff,Cyth2
AbSC_Diff,Strap
AbSC_Diff,Arl6ip4
AbSC_Diff,Atox1
AbSC_Diff,Sf3b3
AbSC_Diff,Otub1
AbSC_Diff,Plp2
AbSC_Diff,Cdca7
AbSC_Diff,Chd4
AbSC_Diff,Mrpl17
AbSC_Diff,Mphosph10
AbSC_Diff,Pbdc1
AbSC_Diff,Sigmar1
AbSC_Diff,Nolc1
AbSC_Diff,Spag7
AbSC_Diff,1810058I24Rik
AbSC_Diff,Pcyt2
AbSC_Diff,Dnajc8
AbSC_Diff,Baz1a
AbSC_Diff,Akap13
AbSC_Diff,Srsf3
AbSC_Diff,Serinc2
AbSC_Diff,Vgll4
AbSC_Diff,F11r
AbSC_Diff,Nop58
AbSC_Diff,Bclaf1
AbSC_Diff,Smarca5
AbSC_Diff,Ddx39b
AbSC_Diff,Id1
AbSC_Diff,Wars
AbSC_Diff,Irf1
AbSC_Diff,Pak2
AbSC_Diff,Crb3
AbSC_Diff,Id2
AbSC_Diff,Eef1d
AbSC_Diff,Cd320
AbSC_Diff,Stub1
AbSC_Diff,Anp32e
AbSC_Diff,Rfc3
AbSC_Diff,Agpat2
AbSC_Diff,Ube2n
AbSC_Diff,Pdcd5
AbSC_Diff,Dhps
AbSC_Diff,Cd151
AbSC_Diff,Eif4ebp1
AbSC_Diff,Eif3m
AbSC_Diff,Dnajb6
AbSC_Diff,Hmgb3
AbSC_Diff,Tuba1c
AbSC_Diff,Nemf
AbSC_Diff,Ctsd
AbSC_Diff,Lipt2
AbSC_Diff,Cops5
AbSC_Diff,Mat2a
AbSC_Diff,Fam46a
AbSC_Diff,Trp53
AbSC_Diff,Sdf2l1
AbSC_Diff,Hnrnpu
AbSC_Diff,Trappc6a
AbSC_Diff,Mvb12a
AbSC_Diff,Eif4a3
AbSC_Diff,Sin3b
AbSC_Diff,Tmem128
AbSC_Diff,Ciapin1
AbSC_Diff,Pafah1b3
AbSC_Diff,Vps72
AbSC_Diff,Mrpl33
AbSC_Diff,Nono
AbSC_Diff,Ywhae
AbSC_Diff,Picalm
AbSC_Diff,Ptrh2
AbSC_Diff,Lyar
AbSC_Diff,Txndc9
AbSC_Diff,Tpd52l2
AbSC_Diff,Dcakd
AbSC_Diff,Ddx18
AbSC_Diff,Tuba4a
AbSC_Diff,Sarnp
AbSC_Diff,Eif4g2
AbSC_Diff,Prpf40a
AbSC_Diff,Rbm39
AbSC_Diff,Eif3g
AbSC_Diff,Rabggtb
AbSC_Diff,Hmgcr
AbSC_Diff,Espn
AbSC_Diff,Hsp90b1
AbSC_Diff,Tpr
AbSC_Diff,Snrpc
AbSC_Diff,Imp3
AbSC_Diff,Ube2l3
AbSC_Diff,Psmb7
AbSC_Diff,Anxa7
AbSC_Diff,Manbal
AbSC_Diff,Lsm4
AbSC_Diff,H2afz
AbSC_Diff,Smarcb1
AbSC_Diff,Psmb10
AbSC_Diff,Cdc42se1
AbSC_Diff,Cdc37
AbSC_Diff,Psmd12
AbSC_Diff,Psma5
AbSC_Diff,Sltm
AbSC_Diff,Psmd14
AbSC_Diff,Dhrs7
AbSC_Diff,H2-T23
AbSC_Diff,Nasp
AbSC_Diff,Ddx21
AbSC_Diff,Ssrp1
AbSC_Diff,Capns1
AbSC_Diff,Lamp1
AbSC_Diff,Tsg101
AbSC_Diff,Bloc1s2
AbSC_Diff,Tra2a
AbSC_Diff,Ccdc12
AbSC_Diff,Lpcat3
AbSC_Diff,Eloc
AbSC_Diff,Pin1
AbSC_Diff,Esf1
AbSC_Diff,Sdhaf1
AbSC_Diff,Ifrd1
AbSC_Diff,Lypla2
AbSC_Diff,Nfkbib
AbSC_Diff,Zfp36l1
AbSC_Diff,Tbcb
AbSC_Diff,Dtymk
AbSC_Diff,Lamtor1
AbSC_Diff,Aimp1
AbSC_Diff,Eif2b2
AbSC_Diff,Nr2c2ap
AbSC_Diff,Rsl24d1
AbSC_Diff,Psmd13
AbSC_Diff,Tsn
AbSC_Diff,Eif3e
AbSC_Diff,Nop16
AbSC_Diff,Top1
AbSC_Diff,Psma6
AbSC_Diff,Ube2d2a
AbSC_Diff,Psmc5
AbSC_Diff,Uchl3
AbSC_Diff,Rbbp4
AbSC_Diff,Sf3b4
AbSC_Diff,Prom1
AbSC_Diff,Pole4
AbSC_Diff,Ube2b
AbSC_Diff,Mbnl1
AbSC_Diff,Csnk1a1
AbSC_Diff,Tmem234
AbSC_Diff,Morf4l1
AbSC_Diff,Exosc5
AbSC_Diff,Smim6
AbSC_Diff,Ppan
AbSC_Diff,Psmd1
AbSC_Diff,Mrpl54
AbSC_Diff,Cldn2
AbSC_Diff,Snrpb2
AbSC_Diff,Srsf10
AbSC_Diff,Snrpa
AbSC_Diff,Utp3
AbSC_Diff,Chd9
AbSC_Diff,Lmna
AbSC_Diff,Naa20
AbSC_Diff,Cetn3
AbSC_Diff,Scaf11
AbSC_Diff,Krtcap3
AbSC_Diff,Syncrip
AbSC_Diff,Kif5b
AbSC_Diff,Rnaseh2a
AbSC_Diff,Ccdc59
AbSC_Diff,Hells
AbSC_Diff,Rab11a
AbSC_Diff,Fam103a1
AbSC_Diff,Arhgdia
AbSC_Diff,Cks1b
AbSC_Diff,Eif1a
AbSC_Diff,Rtf1
AbSC_Diff,Khdrbs1
AbSC_Diff,Puf60
AbSC_Diff,Rala
AbSC_Diff,H2-DMa
AbSC_Diff,Psmc1
AbSC_Diff,Pcbp2
AbSC_Diff,Gnas
AbSC_Diff,Mt1
AbSC_Diff,Utp14a
AbSC_Diff,Comt
AbSC_Diff,Sdf4
AbSC_Diff,Zfand5
AbSC_Diff,Glrx3
AbSC_Diff,Ralbp1
AbSC_Diff,Srsf5
AbSC_Diff,Cct8
AbSC_Diff,Ascc3
AbSC_Diff,Trappc4
AbSC_Diff,Emg1
AbSC_Diff,Wbp4
AbSC_Diff,Tmod3
AbSC_Diff,Rac1
AbSC_Diff,Ctnnb1
AbSC_Diff,Rere
AbSC_Diff,Lyz1
AbSC_Diff,Gmps
AbSC_Diff,Arid4b
AbSC_Diff,Stard10
AbSC_Diff,Hnrnpk
AbSC_Diff,Hnrnpd
AbSC_Diff,Rnps1
AbSC_Diff,Aplp2
AbSC_Diff,Gtf3c6
AbSC_Diff,Sars
AbSC_Diff,Sptssa
AbSC_Diff,Alyref
AbSC_Diff,Tapbp
AbSC_Diff,Ubald2
AbSC_Diff,Mapre1
AbSC_Diff,Naxd
AbSC_Diff,Psmd8
AbSC_Diff,Atrx
AbSC_Diff,Denr
AbSC_Diff,Acin1
AbSC_Diff,Cbx3
AbSC_Diff,Mob4
AbSC_Diff,Lap3
AbSC_Diff,Cebpz
AbSC_Diff,Itgb1
AbSC_Diff,Ewsr1
AbSC_Diff,Actl6a
AbSC_Diff,Defa30
AbSC_Diff,Glmp
AbSC_Diff,Defa24
AbSC_Diff,Slc38a2
AbSC_Diff,Sh3bgrl2
AbSC_Diff,Irf8
AbSC_Diff,Ddx5
AbSC_Diff,Nop14
AbSC_Diff,Trib1
AbSC_Diff,Srp14
AbSC_Diff,Junb
AbSC_Diff,Ttc3
AbSC_Diff,Dhx9
AbSC_Diff,Sqstm1
AbSC_Diff,Rrp1
AbSC_Diff,Taf10
AbSC_Diff,Rbbp7
AbSC_Diff,Eif3a
AbSC_Diff,Paip2
AbSC_Diff,Zg16
AbSC_Diff,Kras
AbSC_Diff,Rsrc2
AbSC_Diff,Trim28
AbSC_Diff,Vcp
AbSC_Diff,Cct3
AbSC_Diff,Luc7l3
AbSC_Diff,Sf3b2
AbSC_Diff,Hspa8
AbSC_Diff,Ubap2l
AbSC_Diff,Tcea1
AbSC_Diff,Gm10076
AbSC_Diff,Prrc2c
AbSC_Diff,Anapc16
Haber_Stem,Lgr5
Haber_Stem,Gkn3
Haber_Stem,Ascl2
Haber_Stem,Olfm4
Haber_Stem,Rgmb
Haber_Stem,Igfbp4
Haber_Stem,2210407C18Rik
Haber_Stem,Jun
Haber_Stem,Pdgfa
Haber_Stem,Soat1
Haber_Stem,Tnfrsf19
Haber_Stem,Cyp2e1
Haber_Stem,Fstl1
Haber_Stem,H2-Eb1
Haber_Stem,Ifitm3
Haber_Stem,Prelp
Haber_Stem,Scn2b
Haber_Stem,A930009A15Rik
Haber_Stem,H2-Ab1
Haber_Stem,Slc1a2
Haber_Stem,Cd74
Haber_Stem,Sp5
Haber_Stem,Noxa1
Haber_Stem,Rgcc
Haber_Stem,Sorbs2
Haber_Stem,Sectm1b
Haber_Stem,H2-Aa
Haber_Stem,Cdo1
Haber_Stem,Slc14a1
Haber_Stem,Clca2
Haber_Stem,Tifa
Haber_Stem,Pls3
Haber_Stem,Hmgcs2
Haber_Stem,Arid5b
Haber_Stem,Agr3
Haber_Stem,Slc12a2
Haber_Stem,Rassf5
Haber_Stem,Rnf43
Haber_Stem,Nrn1
Haber_Stem,Lamb3
Haber_Stem,Cd44
Haber_Stem,Axin2
Haber_Stem,Slc27a2
Haber_Stem,Afap1l1
Haber_Stem,Ccdc3
Haber_Stem,Lrig1
Haber_Stem,Noxo1
Haber_Stem,Cdk6
Haber_Stem,Amica1
Haber_Stem,Tgif1
Haber_Stem,Tns3
Haber_Stem,Nr2e3
Haber_Stem,Efna4
Haber_Stem,Rnf32
Haber_Stem,Prss23
Haber_Stem,2010009K17Rik
Haber_Stem,Smoc2
Haber_Stem,Mecom
Haber_Stem,Esrrg
Haber_Stem,Aqp1
Haber_Stem,Znrf3
Haber_Stem,Grb7
Haber_Stem,Phgdh
Haber_Stem,2410004N09Rik
Haber_Stem,Clca4
Haber_Stem,Aqp4
Haber_Stem,Lcp1
Haber_Stem,E030011O05Rik
Haber_Stem,Snhg1
Haber_Stem,BC064078
Haber_Stem,Car12
Haber_Stem,Zbtb38
Haber_Stem,Cdca7
Haber_Stem,Fam13a
Haber_Stem,Shisa2
Haber_Stem,Dtx4
Haber_Stem,Slc19a2
Haber_Stem,Fam115c
Haber_Stem,Mir703
Haber_Stem,Cd14
Haber_Stem,Mettl20
Haber_Stem,Myo9a
Haber_Stem,App
Haber_Stem,Clic6
Haber_Stem,Wee1
Haber_Stem,2410006H16Rik
Haber_Stem,Lancl1
Haber_Stem,1500012F01Rik
Haber_Stem,Casp12
Haber_Stem,Sh3rf1
Haber_Stem,Lrp4
Haber_Stem,Arhgef26
Haber_Stem,Etv6
Haber_Stem,1700024F13Rik
Haber_Stem,Cttnbp2
Haber_Stem,Slc16a13
Haber_Stem,Htr4
Haber_Stem,Pdxk
Haber_Stem,Immp2l
Haber_Stem,Rps15a-ps6
Haber_Stem,Rps15a-ps4
Haber_Stem,Nap1l1
Haber_Stem,Sdc4
Haber_Stem,Epn3
Haber_Stem,Sipa1l1
Haber_Stem,Wfdc15b
Haber_Stem,Zfp341
Haber_Stem,Ngef
Haber_Stem,Nrg4
Haber_Stem,Csad
Haber_Stem,Rpl34-ps1
Haber_Stem,Rin2
Haber_Stem,Cd81
Haber_Stem,Irf2bp2
Haber_Stem,Sesn3
Haber_Stem,Phlpp1
Haber_Stem,Yap1
Haber_Stem,Mfge8
Haber_Stem,Zfp825
Haber_Stem,Itga1
Haber_Stem,Pcdh8
Haber_Stem,Vdr
Haber_Stem,Kcnq1
Haber_Stem,Slc28a2
Haber_Stem,Zfp36l1
Haber_Stem,Urod
Haber_Stem,Rgs12
Haber_Stem,Nfib
Haber_Stem,Sdsl
Haber_Stem,Nfia
Vallone_Fetal,1700010I14Rik
Vallone_Fetal,2610305D13Rik
Vallone_Fetal,4930452B06Rik
Vallone_Fetal,4933428G20Rik
Vallone_Fetal,A930004D18Rik
Vallone_Fetal,Abcb1b
Vallone_Fetal,Ak1
Vallone_Fetal,Akap12
Vallone_Fetal,Aldh3b2
Vallone_Fetal,Ano1
Vallone_Fetal,Anxa3
Vallone_Fetal,Anxa8
Vallone_Fetal,Arhgap23
Vallone_Fetal,Arhgap40
Vallone_Fetal,Arhgef17
Vallone_Fetal,Arhgef25
Vallone_Fetal,Arhgef4
Vallone_Fetal,Aspa
Vallone_Fetal,Atg9b
Vallone_Fetal,Atp10d
Vallone_Fetal,BC049730
Vallone_Fetal,Bcam
Vallone_Fetal,Bmp8b
Vallone_Fetal,Bnipl
Vallone_Fetal,Cav1
Vallone_Fetal,Ccdc80
Vallone_Fetal,Cers3
Vallone_Fetal,Chst12
Vallone_Fetal,Chst7
Vallone_Fetal,Clcf1
Vallone_Fetal,Cldn4
Vallone_Fetal,Cnksr2
Vallone_Fetal,Creb5
Vallone_Fetal,Ctgf
Vallone_Fetal,Dennd2c
Vallone_Fetal,Dusp9
Vallone_Fetal,Dzip1
Vallone_Fetal,Eda2r
Vallone_Fetal,Efemp1
Vallone_Fetal,Ehd2
Vallone_Fetal,Emp1
Vallone_Fetal,Enkur
Vallone_Fetal,Epha2
Vallone_Fetal,Ereg
Vallone_Fetal,F2r
Vallone_Fetal,Fam198b
Vallone_Fetal,Fam81a
Vallone_Fetal,Ffar4
Vallone_Fetal,Fgd3
Vallone_Fetal,Fn1
Vallone_Fetal,Fst
Vallone_Fetal,Fut9
Vallone_Fetal,Gja1
Vallone_Fetal,Glipr1
Vallone_Fetal,Glis2
Vallone_Fetal,Gm14328
Vallone_Fetal,Gm6166
Vallone_Fetal,Gpr126
Vallone_Fetal,Gpr137b-ps
Vallone_Fetal,Gucy1a2
Vallone_Fetal,Hmgcll1
Vallone_Fetal,Icam1
Vallone_Fetal,Ifi202b
Vallone_Fetal,Il17re
Vallone_Fetal,Il1rn
Vallone_Fetal,Ivl
Vallone_Fetal,Jdp2
Vallone_Fetal,Krt4
Vallone_Fetal,Krt7
Vallone_Fetal,Krt78
Vallone_Fetal,Krt80
Vallone_Fetal,Lama3
Vallone_Fetal,Lama5
Vallone_Fetal,Lancl3
Vallone_Fetal,Ly6d
Vallone_Fetal,Mapk11
Vallone_Fetal,Msln
Vallone_Fetal,Msn
Vallone_Fetal,Msrb3
Vallone_Fetal,Murc
Vallone_Fetal,Myof
Vallone_Fetal,Nefh
Vallone_Fetal,Nid2
Vallone_Fetal,Notch3
Vallone_Fetal,Npnt
Vallone_Fetal,Ntf5
Vallone_Fetal,Nuak1
Vallone_Fetal,Omp
Vallone_Fetal,Opcml
Vallone_Fetal,Otub2
Vallone_Fetal,Otud1
Vallone_Fetal,P2ry2
Vallone_Fetal,Palm3
Vallone_Fetal,Pear1
Vallone_Fetal,Peg12
Vallone_Fetal,Phlda3
Vallone_Fetal,Plat
Vallone_Fetal,Plau
Vallone_Fetal,Plaur
Vallone_Fetal,Prkar2b
Vallone_Fetal,Prkch
Vallone_Fetal,Psrc1
Vallone_Fetal,Pstpip1
Vallone_Fetal,Ptp4a3
Vallone_Fetal,Ptrf
Vallone_Fetal,Rarg
Vallone_Fetal,Rasgrp3
Vallone_Fetal,Rassf9
Vallone_Fetal,Rhod
Vallone_Fetal,Ripply3
Vallone_Fetal,Rnf208
Vallone_Fetal,Rnf39
Vallone_Fetal,Runx2
Vallone_Fetal,S100a14
Vallone_Fetal,Scel
Vallone_Fetal,Sdpr
Vallone_Fetal,Sema3c
Vallone_Fetal,Serpinb5
Vallone_Fetal,Serpinb6b
Vallone_Fetal,Sftpd
Vallone_Fetal,Sh3pxd2a
Vallone_Fetal,Six4
Vallone_Fetal,Slc12a4
Vallone_Fetal,Sox21
Vallone_Fetal,Sptssb
Vallone_Fetal,Sult4a1
Vallone_Fetal,Syde1
Vallone_Fetal,Syt16
Vallone_Fetal,Tacstd2
Vallone_Fetal,Tdrd5
Vallone_Fetal,Tead4
Vallone_Fetal,Timp2
Vallone_Fetal,Tnfsf9
Vallone_Fetal,Tnn
Vallone_Fetal,Tnni2
Vallone_Fetal,Tpm2
Vallone_Fetal,Trim6
Vallone_Fetal,Tspan4
Vallone_Fetal,Ttc9
Vallone_Fetal,Tubb6
Vallone_Fetal,Vgll3
Vallone_Fetal,Vtcn1
Vallone_Fetal,Wtip
Vallone_Fetal,Wwc2
Vallone_Fetal,Wwtr1
Vallone_Fetal,Zfp185
Vallone_Fetal,Zfp365
Vallone_Fetal,Zfp57
Munoz_Stem,1300002K09Rik
Munoz_Stem,6230424C14Rik
Munoz_Stem,Adra2a
Munoz_Stem,Afap1
Munoz_Stem,Angpt2
Munoz_Stem,Apcdd1
Munoz_Stem,Arhgef4
Munoz_Stem,Arl4c
Munoz_Stem,Ascl2
Munoz_Stem,Atg16l2
Munoz_Stem,Atm
Munoz_Stem,Axin2
Munoz_Stem,B930095G15Rik
Munoz_Stem,Cachd1
Munoz_Stem,Car12
Munoz_Stem,Casp12
Munoz_Stem,Cbx6
Munoz_Stem,Cc2d2a
Munoz_Stem,Cd320
Munoz_Stem,Cdc42ep1
Munoz_Stem,Cdo1
Munoz_Stem,Ces1d
Munoz_Stem,Cgnl1
Munoz_Stem,Cited4
Munoz_Stem,Clca1
Munoz_Stem,Clca2
Munoz_Stem,Clic6
Munoz_Stem,Cpn1
Munoz_Stem,Cttnbp2
Munoz_Stem,Cyp2e1
Munoz_Stem,D930015E06Rik
Munoz_Stem,Dct
Munoz_Stem,Ddb2
Munoz_Stem,Ddo
Munoz_Stem,Dync2h1
Munoz_Stem,E230029C05Rik
Munoz_Stem,Ell3
Munoz_Stem,Emp2
Munoz_Stem,Epha4
Munoz_Stem,Ephb3
Munoz_Stem,Esam
Munoz_Stem,Esrrg
Munoz_Stem,Evl
Munoz_Stem,Farp1
Munoz_Stem,Fbxo21
Munoz_Stem,Fgfr4
Munoz_Stem,Fmnl2
Munoz_Stem,Fstl1
Munoz_Stem,Fzd2
Munoz_Stem,Gas6
Munoz_Stem,Gkap1
Munoz_Stem,Gkn3
Munoz_Stem,Gpld1
Munoz_Stem,Gpr30
Munoz_Stem,Gramd1a
Munoz_Stem,Hunk
Munoz_Stem,Igfbp4
Munoz_Stem,Il17rd
Munoz_Stem,Immp2l
Munoz_Stem,Irs1
Munoz_Stem,Kcne3
Munoz_Stem,Klhl8
Munoz_Stem,Large
Munoz_Stem,Lgr5
Munoz_Stem,Lipt2
Munoz_Stem,Man2a2
Munoz_Stem,Mex3a
Munoz_Stem,Mia1
Munoz_Stem,Mpp3
Munoz_Stem,Msi1
Munoz_Stem,Myc
Munoz_Stem,Mycl1
Munoz_Stem,Nap1l1
Munoz_Stem,Napepld
Munoz_Stem,Notch1
Munoz_Stem,Notch2
Munoz_Stem,Phldb2
Munoz_Stem,Pla2g4a
Munoz_Stem,Plekhb1
Munoz_Stem,Plxnb1
Munoz_Stem,Pogk
Munoz_Stem,Ppap2b
Munoz_Stem,Prelp
Munoz_Stem,Prkd3
Munoz_Stem,Psd3
Munoz_Stem,Psrc1
Munoz_Stem,Ptpro
Munoz_Stem,Ptprs
Munoz_Stem,Rad51l1
Munoz_Stem,Rasa3
Munoz_Stem,Rgmb
Munoz_Stem,Rgs12
Munoz_Stem,Rnf32
Munoz_Stem,Rnf43
Munoz_Stem,Scn2b
Munoz_Stem,Sectm1b
Munoz_Stem,Sema7a
Munoz_Stem,Sestd1
Munoz_Stem,Sfrp5
Munoz_Stem,Shisa2
Munoz_Stem,Slc19a2
Munoz_Stem,Slc23a3
Munoz_Stem,Slc27a2
Munoz_Stem,Slco3a1
Munoz_Stem,Smo
Munoz_Stem,Snx10
Munoz_Stem,Sorcs2
Munoz_Stem,Sox4
Munoz_Stem,Sox9
Munoz_Stem,Sp5
Munoz_Stem,Srl
Munoz_Stem,Sycn
Munoz_Stem,Tead2
Munoz_Stem,Tex9
Munoz_Stem,Tfpi
Munoz_Stem,Tgif2
Munoz_Stem,Tmem209
Munoz_Stem,Tnfrsf19
Munoz_Stem,Trim44
Munoz_Stem,Ttc21b
Munoz_Stem,Ttpa
Munoz_Stem,Txndc16
Munoz_Stem,Utrn
Munoz_Stem,Vav3
Munoz_Stem,Wdr35
Munoz_Stem,Wdr90
Munoz_Stem,Wwp1
Munoz_Stem,Wwtr1
Munoz_Stem,Zfp12
Munoz_Stem,Zkscan17
Munoz_Stem,Znrf3
Munoz_Stem,Zranb3
Munoz_Stem,Acsm3
Munoz_Stem,Afap1l1
Munoz_Stem,Agr3
Munoz_Stem,Aqp4
Munoz_Stem,Cd44
Munoz_Stem,Cdca7
Munoz_Stem,Cdk6
Munoz_Stem,Clca4
Munoz_Stem,Cnn3
Munoz_Stem,Dach1
Munoz_Stem,Dmpk
Munoz_Stem,Fam115c
Munoz_Stem,Fzd7
Munoz_Stem,Glrx
Munoz_Stem,Grb7
Munoz_Stem,Kcnq1
Munoz_Stem,Lcp1
Munoz_Stem,Mecom
Munoz_Stem,Nav1
Munoz_Stem,Olfm4
Munoz_Stem,Paics
Munoz_Stem,Picalm
Munoz_Stem,6-Sep
Munoz_Stem,Slc12a2
Munoz_Stem,Smoc2
Munoz_Stem,Soat1
Munoz_Stem,Sorbs2
Munoz_Stem,Tns3
Munoz_Stem,Vdr
Munoz_Stem,1500011H22Rik
Munoz_Stem,2310008H04Rik
Munoz_Stem,4933439C10Rik
Munoz_Stem,Acpl2
Munoz_Stem,Acvr2b
Munoz_Stem,Adrbk2
Munoz_Stem,AI480653
Munoz_Stem,Aldh7a1
Munoz_Stem,Alms1
Munoz_Stem,Als2cr4
Munoz_Stem,App
Munoz_Stem,Aqp1
Munoz_Stem,Arhgap39
Munoz_Stem,Aspm
Munoz_Stem,Atp11a
Munoz_Stem,Atr
Munoz_Stem,AU020206
Munoz_Stem,Bckdhb
Munoz_Stem,Bcl2
Munoz_Stem,Bcl7a
Munoz_Stem,Blnk
Munoz_Stem,Brca2
Munoz_Stem,C79407
Munoz_Stem,Ccbl2
Munoz_Stem,Ccdc18
Munoz_Stem,Cdca7l
Munoz_Stem,Cenpf
Munoz_Stem,Cep192
Munoz_Stem,Cit
Munoz_Stem,Ckap2
Munoz_Stem,Csad
Munoz_Stem,Csnk1e
Munoz_Stem,Dapk2
Munoz_Stem,Dctd
Munoz_Stem,Dtl
Munoz_Stem,Efna4
Munoz_Stem,Ehf
Munoz_Stem,Elmo1
Munoz_Stem,Engase
Munoz_Stem,Eri2
Munoz_Stem,Espl1
Munoz_Stem,Etv6
Munoz_Stem,Fads1
Munoz_Stem,Fam115a
Munoz_Stem,Fam189b
Munoz_Stem,Fam92a
Munoz_Stem,Fhdc1
Munoz_Stem,Fras1
Munoz_Stem,Gabbr1
Munoz_Stem,Gemin8
Munoz_Stem,Gins1
Munoz_Stem,Gm3626
Munoz_Stem,Gm5918
Munoz_Stem,Haus4
Munoz_Stem,Hdac11
Munoz_Stem,Hemgn
Munoz_Stem,Hirip3
Munoz_Stem,Ifitm2
Munoz_Stem,Ift122
Munoz_Stem,Ilf3
Munoz_Stem,Isyna1
Munoz_Stem,Kif12
Munoz_Stem,Kif20a
Munoz_Stem,Klhl23
Munoz_Stem,Krt23
Munoz_Stem,Lancl1
Munoz_Stem,Lass6
Munoz_Stem,Limk2
Munoz_Stem,Lpar6
Munoz_Stem,Lrig1
Munoz_Stem,Lysmd2
Munoz_Stem,Maged1
Munoz_Stem,Marveld1
Munoz_Stem,Mcc
Munoz_Stem,Mcm8
Munoz_Stem,Mdn1
Munoz_Stem,Mfge8
Munoz_Stem,Mif
Munoz_Stem,Mlh3
Munoz_Stem,Mlxip
Munoz_Stem,Mpzl1
Munoz_Stem,Mpzl3
Munoz_Stem,Myo1b
Munoz_Stem,Nedd4
Munoz_Stem,Nelf
Munoz_Stem,Nfia
Munoz_Stem,Nfic
Munoz_Stem,Nin
Munoz_Stem,Nod1
Munoz_Stem,Nt5c3l
Munoz_Stem,Orc1
Munoz_Stem,Palb2
Munoz_Stem,Pbx1
Munoz_Stem,Pck2
Munoz_Stem,Pde3b
Munoz_Stem,Pds5b
Munoz_Stem,Peli2
Munoz_Stem,Phc1
Munoz_Stem,Phlpp1
Munoz_Stem,Plce1
Munoz_Stem,Pls3
Munoz_Stem,Pnpla7
Munoz_Stem,Poglut1
Munoz_Stem,Pold1
Munoz_Stem,Pole
Munoz_Stem,Poli
Munoz_Stem,Ppat
Munoz_Stem,Ppm1f
Munoz_Stem,Ppp1r9a
Munoz_Stem,Prkacb
Munoz_Stem,Prpf40b
Munoz_Stem,Prps2
Munoz_Stem,Prrc2b
Munoz_Stem,Ptprm
Munoz_Stem,Qsox2
Munoz_Stem,Rassf4
Munoz_Stem,Rgnef
Munoz_Stem,Rhbdf1
Munoz_Stem,Rnf219
Munoz_Stem,Rprd1a
Munoz_Stem,Sema3b
Munoz_Stem,Sesn3
Munoz_Stem,Slc39a10
Munoz_Stem,Slc44a2
Munoz_Stem,Smpx
Munoz_Stem,Sord
Munoz_Stem,Spag5
Munoz_Stem,Spata24
Munoz_Stem,Spice1
Munoz_Stem,Stk39
Munoz_Stem,Tbc1d19
Munoz_Stem,Tbc1d4
Munoz_Stem,Tgif1
Munoz_Stem,Tiam1
Munoz_Stem,Timeless
Munoz_Stem,Tmem132a
Munoz_Stem,Tmem194
Munoz_Stem,Tmem9
Munoz_Stem,Tnfaip8l1
Munoz_Stem,Tnfsf10
Munoz_Stem,Tns4
Munoz_Stem,Trim37
Munoz_Stem,Tspan5
Munoz_Stem,Ttc23
Munoz_Stem,Tubb2b
Munoz_Stem,Ung
Munoz_Stem,Vnn1
Munoz_Stem,Xrcc5
Munoz_Stem,Yap1
Munoz_Stem,Zbtb12
Munoz_Stem,Zbtb25
Munoz_Stem,Zbtb38
Munoz_Stem,Zfhx3
Munoz_Stem,Zfp275
Munoz_Stem,Zfp292
Munoz_Stem,Zfp318
Munoz_Stem,Zfp397
Munoz_Stem,Zfp462
Munoz_Stem,Zfp553
Munoz_Stem,Zfp566
Munoz_Stem,Zfp704
Munoz_Stem,Zfp783
Munoz_Stem,Zfp90
Munoz_Stem,Zmym1
Munoz_Stem,1110051M20Rik
Munoz_Stem,1190002H23Rik
Munoz_Stem,1700040L02Rik
Munoz_Stem,4933431E20Rik
Munoz_Stem,Acot1
Munoz_Stem,AI747448
Munoz_Stem,Ak7
Munoz_Stem,BC021891
Munoz_Stem,Bhlhb9
Munoz_Stem,Ccdc111
Munoz_Stem,Ciita
Munoz_Stem,Clu
Munoz_Stem,Dtx4
Munoz_Stem,Fam171a1
Munoz_Stem,Fgd1
Munoz_Stem,Greb1
Munoz_Stem,H2-Aa
Munoz_Stem,H2-Eb1
Munoz_Stem,Hmbox1
Munoz_Stem,Hmga2
Munoz_Stem,Iffo2
Munoz_Stem,Ifitm3
Munoz_Stem,Impdh2
Munoz_Stem,Irf2bp2
Munoz_Stem,Kank1
Munoz_Stem,Klhl24
Munoz_Stem,Lamb3
Munoz_Stem,Lect2
Munoz_Stem,Nr2e3
Munoz_Stem,Nrg4
Munoz_Stem,Nrn1
Munoz_Stem,Nrtn
Munoz_Stem,Pcdh8
Munoz_Stem,Pde8b
Munoz_Stem,Pdgfa
Munoz_Stem,Phf20
Munoz_Stem,Prss23
Munoz_Stem,Rasl11b
Munoz_Stem,Rassf5
Munoz_Stem,Rccd1
Munoz_Stem,Rdh16
Munoz_Stem,Rhobtb3
Munoz_Stem,S100pbp
Munoz_Stem,Sdc4
Munoz_Stem,Sgk1
Munoz_Stem,Slc14a1
Munoz_Stem,Slc16a13
Munoz_Stem,Smarcd3
Munoz_Stem,Tbc1d9
Munoz_Stem,Tcf7
Munoz_Stem,Tifa
Munoz_Stem,Tlr2
Munoz_Stem,Trim24
Munoz_Stem,Trim32
Munoz_Stem,Wfdc15b
Munoz_Stem,Zc3hav1l
Munoz_Stem,Zfp503
Munoz_Stem,Zfp618
Munoz_Stem,Zfp956
Nusse_Regeneration,Gm26656
Nusse_Regeneration,Lrg1
Nusse_Regeneration,Ly6a
Nusse_Regeneration,Ido1
Nusse_Regeneration,Anxa10
Nusse_Regeneration,Khdc1a
Nusse_Regeneration,Ubd
Nusse_Regeneration,Socs1
Nusse_Regeneration,Alox15
Nusse_Regeneration,Tat
Nusse_Regeneration,Arl5c
Nusse_Regeneration,Apol10b
Nusse_Regeneration,Iigp1
Nusse_Regeneration,Retnlb
Nusse_Regeneration,Tgtp1
Nusse_Regeneration,Art2a-ps
Nusse_Regeneration,Slc5a5
Nusse_Regeneration,Atg9b
Nusse_Regeneration,Hspa1a
Nusse_Regeneration,Fut2
Nusse_Regeneration,Adm
Nusse_Regeneration,4930461G14Rik
Nusse_Regeneration,Mx1
Nusse_Regeneration,Cxcl9
Nusse_Regeneration,Nptx2
Nusse_Regeneration,Wtip
Nusse_Regeneration,Isg15
Nusse_Regeneration,Gbp5
Nusse_Regeneration,Trib3
Nusse_Regeneration,Jdp2
Nusse_Regeneration,Igtp
Nusse_Regeneration,Gbp2
Nusse_Regeneration,Phf11d
Nusse_Regeneration,Areg
Nusse_Regeneration,Gbp3
Nusse_Regeneration,Hspa1b
Nusse_Regeneration,Spats2l
Nusse_Regeneration,Ccdc88b
Nusse_Regeneration,S100a6
Nusse_Regeneration,Pear1
Nusse_Regeneration,Sh3kbp1
Nusse_Regeneration,Zbp1
Nusse_Regeneration,Il33
Nusse_Regeneration,Chac1
Nusse_Regeneration,Slc7a11
Nusse_Regeneration,Inf2
Nusse_Regeneration,S100a14
Nusse_Regeneration,Gm12250
Nusse_Regeneration,Pdlim7
Nusse_Regeneration,Gm12185
Nusse_Regeneration,Icam1
Nusse_Regeneration,Nlrc5
Nusse_Regeneration,Tead4
Nusse_Regeneration,B3galt5
Nusse_Regeneration,Slc43a1
Nusse_Regeneration,Gcg
Nusse_Regeneration,Hmox1
Nusse_Regeneration,Gbp6
Nusse_Regeneration,Dusp1
Nusse_Regeneration,Gbp7
Nusse_Regeneration,H2-DMb1
Nusse_Regeneration,Ecscr
Nusse_Regeneration,Usp18
Nusse_Regeneration,mt-Tc
Nusse_Regeneration,Syt11
Nusse_Regeneration,H2-Q6
Nusse_Regeneration,Tgtp2
Nusse_Regeneration,Ifit1
Nusse_Regeneration,Plekhd1
Nusse_Regeneration,Sulf2
Nusse_Regeneration,Arntl2
Nusse_Regeneration,Ttyh1
Nusse_Regeneration,H2-Q5
Nusse_Regeneration,Slc45a3
Nusse_Regeneration,Socs3
Nusse_Regeneration,Duoxa2
Nusse_Regeneration,Prss16
Nusse_Regeneration,Il18bp
Nusse_Regeneration,Scd1
Nusse_Regeneration,Bst2
Nusse_Regeneration,Oasl1
Nusse_Regeneration,Spta1
Nusse_Regeneration,Mt2
Nusse_Regeneration,H2-Aa
Nusse_Regeneration,H2-Q7
Nusse_Regeneration,Tnfsf9
Nusse_Regeneration,Hk1
Nusse_Regeneration,Slc17a9
Nusse_Regeneration,Mboat1
Nusse_Regeneration,Mx2
Nusse_Regeneration,Oas3
Nusse_Regeneration,Slfn2
Nusse_Regeneration,Apobec2
Nusse_Regeneration,Gsdmcl-ps
Nusse_Regeneration,Sprr2a3
Nusse_Regeneration,Ak4
Nusse_Regeneration,H2-Eb1
Nusse_Regeneration,Ciita
Nusse_Regeneration,Rhof
Nusse_Regeneration,Slc16a3
Nusse_Regeneration,Slfn4
Nusse_Regeneration,Duoxa1
Nusse_Regeneration,Sema6b
Nusse_Regeneration,Fkbp11
Nusse_Regeneration,E130012A19Rik
Nusse_Regeneration,Ifi44
Nusse_Regeneration,Stxbp1
Nusse_Regeneration,Tac1
Nusse_Regeneration,Oas1g
Nusse_Regeneration,Serpinb5
Nusse_Regeneration,Cd74
Nusse_Regeneration,Irgm2
Nusse_Regeneration,Capn2
Nusse_Regeneration,Tmem173
Nusse_Regeneration,Gm14446
Nusse_Regeneration,H2-Ab1
Nusse_Regeneration,Kcnk6
Nusse_Regeneration,Pla2g2f
Nusse_Regeneration,Phlda2
Nusse_Regeneration,Anxa9
Nusse_Regeneration,Gadd45g
Nusse_Regeneration,Lpcat4
Nusse_Regeneration,Plk3
Nusse_Regeneration,Stat2
Nusse_Regeneration,Tspan4
Nusse_Regeneration,Nfkbid
Nusse_Regeneration,Irf7
Nusse_Regeneration,Tap1
Nusse_Regeneration,Gsta3
Nusse_Regeneration,Nlgn2
Nusse_Regeneration,Oasl2
Nusse_Regeneration,Pou2f3
Nusse_Regeneration,Bend7
Nusse_Regeneration,Trpm5
Nusse_Regeneration,Ttr
Nusse_Regeneration,Tspan6
Nusse_Regeneration,Eldr
Nusse_Regeneration,Cnnm1
Nusse_Regeneration,Ghr
Nusse_Regeneration,Fmo4
Nusse_Regeneration,Tcea3
Nusse_Regeneration,Dpep1
Nusse_Regeneration,Pcsk6
Nusse_Regeneration,Hsd11b2
Nusse_Regeneration,Klhl24
Nusse_Regeneration,Aadac
Nusse_Regeneration,Itih5
Nusse_Regeneration,Fzd2
Nusse_Regeneration,Hacl1
Nusse_Regeneration,Pm20d1
Nusse_Regeneration,Aoc1
Nusse_Regeneration,Esrrg
Nusse_Regeneration,Spib
Nusse_Regeneration,Ephx2
Nusse_Regeneration,Zfp395
Nusse_Regeneration,Vegfc
Nusse_Regeneration,Maf
Nusse_Regeneration,Crebrf
Nusse_Regeneration,Rps6ka5
Nusse_Regeneration,Dach1
Nusse_Regeneration,AI480526
Nusse_Regeneration,Chrm3
Nusse_Regeneration,Slc51a
Nusse_Regeneration,Mertk
Nusse_Regeneration,Gabre
Nusse_Regeneration,Fam213b
Nusse_Regeneration,Aqp1
Nusse_Regeneration,Zbtb20
Nusse_Regeneration,Nr2e3
Nusse_Regeneration,Clca2
Nusse_Regeneration,Pdcd4
Nusse_Regeneration,Asah2
Nusse_Regeneration,Adck3
Nusse_Regeneration,Gstm2
Nusse_Regeneration,Ccl25
Nusse_Regeneration,Ms4a10
Nusse_Regeneration,Ugt2b36
Nusse_Regeneration,Gpr133
Nusse_Regeneration,Rgs13
Nusse_Regeneration,0610005C13Rik
Nusse_Regeneration,Ces1e
Nusse_Regeneration,Pros1
Nusse_Regeneration,AI747448
Nusse_Regeneration,Lrat
Nusse_Regeneration,Hsd17b6
Nusse_Regeneration,Gstm3
Nusse_Regeneration,Cap2
Nusse_Regeneration,Tmem117
Nusse_Regeneration,Gab1
Nusse_Regeneration,Fam78a
Nusse_Regeneration,Synpo
Nusse_Regeneration,Slc25a45
Nusse_Regeneration,Prss12
Nusse_Regeneration,Reg3a
Nusse_Regeneration,Slc15a1
Nusse_Regeneration,Plbd1
Nusse_Regeneration,Akr1c14
Nusse_Regeneration,Spink3
Nusse_Regeneration,Malrd1
Nusse_Regeneration,Fam49a
Nusse_Regeneration,Ros1
Nusse_Regeneration,Ace
Nusse_Regeneration,Fabp1
Nusse_Regeneration,Clec2e
Nusse_Regeneration,Slc6a20a
Nusse_Regeneration,Trim30d
Nusse_Regeneration,Hemgn
Nusse_Regeneration,Fmo5
Nusse_Regeneration,Mep1a
Nusse_Regeneration,Akr1b7
Nusse_Regeneration,Sypl2
Nusse_Regeneration,Sult1d1
Nusse_Regeneration,Dpyd
Nusse_Regeneration,Slc28a1
Nusse_Regeneration,Cyp2c68
Nusse_Regeneration,Tfpi
Nusse_Regeneration,Ces2a
Nusse_Regeneration,N4bp2l1
Nusse_Regeneration,Aldh1a1
Nusse_Regeneration,Tmem86a
Nusse_Regeneration,Peli2
Nusse_Regeneration,Dab1
Nusse_Regeneration,Acvr1c
Nusse_Regeneration,Naaladl1
Nusse_Regeneration,Fras1
Nusse_Regeneration,Adh6a
Nusse_Regeneration,Slc4a5
Nusse_Regeneration,Ace2
Nusse_Regeneration,Gm8989
Nusse_Regeneration,Nrn1
Nusse_Regeneration,Ugt1a1
Nusse_Regeneration,Lgr5
Nusse_Regeneration,Sult1b1
Nusse_Regeneration,Adh4
Nusse_Regeneration,Wipf3
Nusse_Regeneration,Paqr7
Nusse_Regeneration,Apoc3
Nusse_Regeneration,Ugt2a3
Nusse_Regeneration,Gm15315
Nusse_Regeneration,Pyroxd2
Nusse_Regeneration,Cyp4v3
Nusse_Regeneration,Ccbe1
Nusse_Regeneration,Gm10499
Nusse_Regeneration,Fbp1
Nusse_Regeneration,Ces1d
Nusse_Regeneration,Anpep
Nusse_Regeneration,Acer1
Nusse_Regeneration,Adh1
Nusse_Regeneration,Enpep
Nusse_Regeneration,Cyp2c55
Nusse_Regeneration,Slc14a1
Nusse_Regeneration,Cyp2c66
Nusse_Regeneration,Arg2
Nusse_Regeneration,Rdh7
Nusse_Regeneration,Maob
Nusse_Regeneration,Cyp3a25
Nusse_Regeneration,Ces1f
Nusse_Regeneration,Lct
Nusse_Regeneration,2010106E10Rik
Nusse_Regeneration,Mptx2
Nusse_Regeneration,Defa17
Nusse_Regeneration,Mme
Nusse_Regeneration,Defa24
Nusse_Regeneration,Hmgcs2
Nusse_Regeneration,Cyp2b10
Nusse_Regeneration,Defa22
Nusse_Regeneration,Defa5
Nusse_Regeneration,Defa3
Nusse_Regeneration,Gm15292
Nusse_Regeneration,Cyp3a11
Nusse_Regeneration,Defa-rs1
Nusse_Regeneration,Gm15284
Nusse_Regeneration,Sfrp5
Nusse_Regeneration,Gm14851
Nusse_Regeneration,Defa21
Nusse_Regeneration,AY761184
Nusse_Regeneration,Defa26
Mustata_Fetal,Spp1
Mustata_Fetal,Gja1
Mustata_Fetal,Ctgf
Mustata_Fetal,Basp1
Mustata_Fetal,Tacstd2
Mustata_Fetal,Car2
Mustata_Fetal,Sftpd
Mustata_Fetal,Mal
Mustata_Fetal,Clu
Mustata_Fetal,Wfdc2
Mustata_Fetal,Msln
Mustata_Fetal,Vsig1
Mustata_Fetal,Expi
Mustata_Fetal,Tubb6
Mustata_Fetal,Ly6a
Mustata_Fetal,Syt14l
Mustata_Fetal,Crip2
Mustata_Fetal,Anxa1
Mustata_Fetal,Col4a1
Mustata_Fetal,Il33
Mustata_Fetal,Ly6f
Mustata_Fetal,Sprr1a
Mustata_Fetal,Lor
Mustata_Fetal,Col4a2
Mustata_Fetal,Krt4
Mustata_Fetal,Igfbp7
Mustata_Fetal,Akap13
Mustata_Fetal,Sptssb
Mustata_Fetal,Ecscr
Mustata_Fetal,Ivl
Mustata_Fetal,Gkn1
Mustata_Fetal,Akr1b8
Mustata_Fetal,Cdh13
Mustata_Fetal,Slc45a3
Mustata_Fetal,Efna5
Mustata_Fetal,Anxa8
Mustata_Fetal,1700007K13Rik
Mustata_Fetal,Acsm3
Mustata_Fetal,Ppic
Mustata_Fetal,Anxa3
Mustata_Fetal,Eda2r
Mustata_Fetal,S100a6
Mustata_Fetal,Ldh2
Mustata_Fetal,Ly6c
Mustata_Fetal,Efemp1
Mustata_Fetal,Ddit4l
Mustata_Fetal,Pdzk1ip1
Mustata_Fetal,Ly6d
Mustata_Fetal,2310002J15Rik
Mustata_Fetal,Cugbp2
Mustata_Fetal,Laptm5
Mustata_Fetal,Plekhs1
Mustata_Fetal,Dscr6
Mustata_Fetal,Hs6st2
Mustata_Fetal,Slc4a11
Mustata_Fetal,AI467606
Mustata_Fetal,Cryab
Mustata_Fetal,Sh3kbp1
Mustata_Fetal,Samd5
Mustata_Fetal,Phlda3
Mustata_Fetal,Krt7
Mustata_Fetal,Il1rn
Mustata_Fetal,Ccnd1
Mustata_Fetal,Fut2
Mustata_Fetal,Serpinb9b
Mustata_Fetal,Plaur
Mustata_Fetal,Prtf
Mustata_Fetal,Syt8
Mustata_Fetal,Tmem40
Mustata_Fetal,5830408B19Rik
Mustata_Fetal,Ptp4a3
Mustata_Fetal,Gpx2
Mustata_Fetal,Psapl1
Mustata_Fetal,Fer1l3
Mustata_Fetal,Zfp365
Mustata_Fetal,S100a11
Mustata_Fetal,Psca
Mustata_Fetal,Oas1f
Mustata_Fetal,Sox21
Mustata_Fetal,Fabp5
Mustata_Fetal,Col18a1
Mustata_Fetal,Cd14
Mustata_Fetal,Pmm1
Mustata_Fetal,Plk2
Mustata_Fetal,Clic3
Mustata_Fetal,Ncmap
Mustata_Fetal,Ereg
Mustata_Fetal,Icam1
Mustata_Fetal,Fxyd3
Mustata_Fetal,Ccng1
Mustata_Fetal,Rbms1
Mustata_Fetal,Bmp8b
Mustata_Fetal,Mgat4c
Mustata_Fetal,Rdh10
Mustata_Fetal,Enah
Mustata_Fetal,Vnn1
Mustata_Fetal,Epha4
Mustata_Fetal,Pdlim4
Mustata_Fetal,Ggta1
Mustata_Fetal,Tnni2
Mustata_Fetal,Ier3
Mustata_Fetal,Glipr1
Mustata_Fetal,Il17re
Mustata_Fetal,Tmem34
Mustata_Fetal,S100A7A
Mustata_Fetal,Mcpt2
Mustata_Fetal,Suox
Mustata_Fetal,Prss22
Mustata_Fetal,Tspan6
Mustata_Fetal,Abcb1b
Mustata_Fetal,Tns4
Mustata_Fetal,S100a14
Mustata_Fetal,Lamc2
Mustata_Fetal,Jub
Mustata_Fetal,Ecm1
Mustata_Fetal,Scel
Mustata_Fetal,Fam198b
Mustata_Fetal,Osbpl5
Mustata_Fetal,Tlr4
Mustata_Fetal,Timp2
Mustata_Fetal,Trex2
Mustata_Fetal,Gatm
Mustata_Fetal,Zic4
Mustata_Fetal,Arl4c
Mustata_Fetal,Wwtr1
Mustata_Fetal,Aqp5
Mustata_Fetal,Capn2
Mustata_Fetal,Ccp110
Mustata_Fetal,Emp2
Mustata_Fetal,4833427G06Rik
Mustata_Fetal,Abcc4
Mustata_Fetal,Mtap6
Mustata_Fetal,Hyal1
Mustata_Fetal,Ift57
Mustata_Fetal,Serpinb6b
Mustata_Fetal,Slc25a48
Mustata_Fetal,Psrc1
Mustata_Fetal,Slc44a2
Mustata_Fetal,5730416F02Rik
Mustata_Fetal,Hspa1b
Mustata_Fetal,Ppl
Mustata_Fetal,Mgmt
Mustata_Fetal,Cd68
Mustata_Fetal,Cxcl16
Mustata_Fetal,P2ry6
Mustata_Fetal,Ddah1
Mustata_Fetal,Pmepa1
Mustata_Fetal,Gcnt1
Mustata_Fetal,Cgnl1
Mustata_Fetal,Emp1
Mustata_Fetal,Prl2c3
Mustata_Fetal,Bok
Mustata_Fetal,Ildr1
Mustata_Fetal,1110028F11Rik
Mustata_Fetal,Plf
Mustata_Fetal,Arhgef4
Mustata_Fetal,Arhgef3
Mustata_Fetal,Msn
Mustata_Fetal,Dcxr
Mustata_Fetal,Spata6
Mustata_Fetal,Arhgap44
Mustata_Fetal,Rgs19
Mustata_Fetal,Noxo1
Mustata_Fetal,Vangl1
Mustata_Fetal,S100a4
Mustata_Fetal,Tspan4
Mustata_Fetal,Gpr137b
Mustata_Fetal,Ccnd2
Mustata_Fetal,Ttc9
Mustata_Fetal,Pdrg1
Mustata_Fetal,Vamp5
Mustata_Fetal,Far1
Mustata_Fetal,Serpinb5
Mustata_Fetal,Ctsh
Mustata_Fetal,4930461G14Rik
Mustata_Fetal,Fam212b
Mustata_Fetal,Akr1b10
Mustata_Fetal,Rab15
Mustata_Fetal,Zmat3
Mustata_Fetal,Ahnak
Mustata_Fetal,Krt18
Mustata_Fetal,Dapk1
Mustata_Fetal,Flot2
Mustata_Fetal,Avpi1
Mustata_Fetal,Rab11fip5
Mustata_Fetal,Tuba1
Mustata_Fetal,Fam129b
Mustata_Fetal,Mfsd4
Mustata_Fetal,Paqr8
Mustata_Fetal,Serpinb11
Mustata_Fetal,Prkar1a
Mustata_Fetal,Lama3
Mustata_Fetal,Tinagl1
Mustata_Fetal,Mcam
Mustata_Fetal,Nfe2l3
Mustata_Fetal,Sh3bgrl2
Mustata_Fetal,Lmna
Mustata_Fetal,Scmh1
Mustata_Fetal,E130012A19Rik
Mustata_Fetal,Pdlim7
Mustata_Fetal,Foxq1
Mustata_Fetal,Gcnt3
Mustata_Fetal,Akr1b3
Mustata_Fetal,Tmem43
Mustata_Fetal,Mdm2
Mustata_Fetal,2210011C24Rik
Mustata_Fetal,Slfn2
Mustata_Fetal,Gtse1
Mustata_Fetal,Gpc1
Mustata_Fetal,Camsap2
Mustata_Fetal,Hspb1
Mustata_Fetal,Eps8l1
Mustata_Fetal,Ckap2
Mustata_Fetal,Golga2
Mustata_Fetal,Adam9
Mustata_Fetal,Plat
Mustata_Fetal,Wwc2
Mustata_Fetal,Prkcdbp
Mustata_Fetal,Inf2
Mustata_Fetal,Aim1
Mustata_Fetal,Mras
Mustata_Fetal,Tpm2
Mustata_Fetal,Chrnb1
Mustata_Fetal,Anxa5
Mustata_Fetal,Ak1
Mustata_Fetal,Vax1
Mustata_Fetal,Tead4
Mustata_Fetal,Dyrk3
Mustata_Fetal,4632434I11Rik
Mustata_Fetal,Itgb4
Mustata_Fetal,Bax
Mustata_Fetal,Arl1
Mustata_Fetal,Rhod
Mustata_Fetal,Fam64a
Mustata_Fetal,Msantd3
Mustata_Fetal,Cd99l2
Mustata_Fetal,Klrg2
Mustata_Fetal,Clcf1
Mustata_Fetal,Id2
Mustata_Fetal,Sca10
Mustata_Fetal,Sgcb
Mustata_Fetal,Aen
Mustata_Fetal,Abcc5
Mustata_Fetal,Flnc
Mustata_Fetal,Pir
Mustata_Fetal,Cdkn2a
Mustata_Fetal,Fmnl2
Mustata_Fetal,Fbxw9
Mustata_Fetal,Cd44
Mustata_Fetal,Slc39a10
Mustata_Fetal,Endod1
Mustata_Fetal,Mboat1
Mustata_Fetal,Kifc3
Mustata_Fetal,Ccdc92
Mustata_Fetal,Susd4
Mustata_Fetal,Cnn2
Mustata_Fetal,Gnai1
Mustata_Fetal,Rab27b
Mustata_Fetal,Tspan2
Mustata_Fetal,Usp46
Mustata_Fetal,P2ry2
Mustata_Fetal,Cd55
Mustata_Fetal,Krt23
Mustata_Fetal,Gsn
Mustata_Fetal,S100a16
Mustata_Fetal,Gpr120
Mustata_Fetal,Tbc1d2
Mustata_Fetal,Sorl1
Mustata_Fetal,Fkbp9
Mustata_Fetal,Aaas
Mustata_Fetal,Epn3
Mustata_Fetal,Frmd6
Mustata_Fetal,Alcam
Mustata_Fetal,G6pdx
Mustata_Fetal,Abi3
Mustata_Fetal,B9d1
Mustata_Fetal,Zbtb32
Mustata_Fetal,Il4ra
Mustata_Fetal,Trp53inp1
Mustata_Fetal,1700066B19Rik
Mustata_Fetal,Gjb3
Mustata_Fetal,Zfp52
Mustata_Fetal,Plcd3
Mustata_Fetal,Btg2
Mustata_Fetal,Slc19a2
Mustata_Fetal,Slco4a1
Mustata_Fetal,Baiap2
Mustata_Fetal,Ercc5
Mustata_Fetal,Abhd4
Mustata_Fetal,Kcnn4
Mustata_Fetal,Dhh
Mustata_Fetal,Ap1s3
Mustata_Fetal,Wnt4
Mustata_Fetal,Glis3
Mustata_Fetal,Tnfaip8
Mustata_Fetal,Mlkl
Mustata_Fetal,Phlda2
Mustata_Fetal,Fosl1
Mustata_Fetal,Dusp22
Mustata_Fetal,Hspa2
Mustata_Fetal,Wtip
Mustata_Fetal,Soga2
Mustata_Fetal,Klhl13
Mustata_Fetal,Camkk1
Mustata_Fetal,Capn5
Mustata_Fetal,Ica1
Mustata_Fetal,Tnfrsf10b
Mustata_Fetal,Gadd45b
Mustata_Fetal,Exoc4
Mustata_Fetal,Rgs17
Mustata_Fetal,Stx11
Mustata_Fetal,Rps19
Mustata_Fetal,Gusb
Mustata_Fetal,Serpinh1
Mustata_Fetal,Cpt1c
Mustata_Fetal,Btbd11
Mustata_Fetal,Fam149a
Dedifferentiation Day8,Gm42418
Dedifferentiation Day8,Cmss1
Dedifferentiation Day8,Lars2
Dedifferentiation Day8,Camk1d
Dedifferentiation Day8,Hexb
Dedifferentiation Day8,AY036118
Dedifferentiation Day8,Jarid2
Dedifferentiation Day8,Cdk8
Dedifferentiation Day8,Gm15564
Dedifferentiation Day8,Gphn
Dedifferentiation Day8,Il31ra
Dedifferentiation Day8,D130009I18Rik
Dedifferentiation Day8,Filip1l
Dedifferentiation Day8,Gm26917
Dedifferentiation Day8,Il1rapl1
Dedifferentiation Day8,Zg16
Dedifferentiation Day8,Tmtc2
Dedifferentiation Day8,Gm48099
Dedifferentiation Day8,Gip
Dedifferentiation Day8,Xdh
Dedifferentiation Day8,Cck
Dedifferentiation Day8,Chd3